Date,GAP1,GAP2,GAP3,GAP4,GAP5
2019-09-16,52841,2992,35412,13302,997
2019-09-17,102067,1903,35412,63853,634
2019-09-18,78988,2992,36885,37908,997
2019-09-19,102334,2992,34253,63826,997
2019-09-20,100614,1844,33520,64375,614
2019-09-21,,,,,
2019-09-22,,,,,
2019-09-23,63607,2992,33520,25933,997
2019-09-24,87620,1847,31812,53118,615
2019-09-25,100035,1833,33520,63811,611
2019-09-26,99840,1826,33520,63627,608
2019-09-27,49521,2992,32109,13294,997
2019-09-28,46674,2969,33621,8966,997
2019-09-29,,,,,
2019-09-30,36477,2969,32416,0,997
2019-10-01,40885,2969,30578,6234,997
2019-10-02,47021,3431,32416,9829,1223
2019-10-03,51310,3431,32343,14180,1223
2019-10-04,37166,3431,32416,0,1223
2019-10-05,37166,3431,32416,0,1223
2019-10-06,37166,3431,32416,0,1223
2019-10-07,37166,3431,32416,0,1223
2019-10-08,37166,3431,32416,0,1223
2019-10-09,88921,3431,32416,51621,1223
2019-10-10,81055,3431,32416,43775,1223
2019-10-11,83506,3431,32416,46220,1223
2019-10-12,84535,3431,49870,29792,1223
2019-10-13,62188,3431,43387,13986,1223
2019-10-14,55956,3431,43387,7770,1223
2019-10-15,55956,3431,43387,7770,1223
2019-10-16,52664,3431,39896,7977,1223
2019-10-17,71742,3431,39896,27006,1223
2019-10-18,44666,3431,39896,0,1223
2019-10-19,44666,3431,39896,0,1223
2019-10-20,,,,,
2019-10-21,91560,3431,39896,46772,1223
2019-10-22,99885,3431,39896,55076,1223
2019-10-23,,,,,
2019-10-24,80156,2901,38899,37560,587
2019-10-25,83089,3431,39896,38323,1223
2019-10-26,85318,3431,37901,42541,1223
2019-10-27,,,,,
2019-10-28,83818,3431,36405,42541,1223
2019-10-29,48017,3396,34411,8863,1223
2019-10-30,39143,2411,35408,0,1223
2019-10-31,40143,2411,36405,0,1223
2019-11-01,40288,3546,35408,0,1230
2019-11-02,40833,3591,35907,0,1230
2019-11-03,,,,,
2019-11-04,39555,3546,35907,0,0
2019-11-05,39555,3546,35907,0,0
2019-11-06,84707,3546,38400,42541,0
2019-11-07,,,,,
2019-11-08,70387,3546,37403,28360,896
2019-11-09,56816,3546,,9339,896
2019-11-10,57432,3591,42888,9574,1230
2019-11-11,56931,3546,42888,9453,896
2019-11-12,56931,3546,42888,9453,896
2019-11-13,50288,3546,45382,0,1230
2019-11-14,54788,3546,49870,0,1230
2019-11-15,54788,3546,49870,0,1230
2019-11-16,51288,3546,46379,0,1230
2019-11-17,51257,3546,46379,0,1199
2019-11-18,51257,3546,46379,0,1199
2019-11-19,62766,3546,48374,9453,1230
2019-11-20,69050,3591,49870,14180,1230
2019-11-21,,,,,
2019-11-22,53953,3546,49372,0,896
2019-11-23,50953,3546,46379,0,896
2019-11-24,,,,,
2019-11-25,,,,,
2019-11-26,49738,3331,45382,0,896
2019-11-27,52910,3511,48366,0,896
2019-11-28,52904,3546,48325,0,896
2019-11-29,13816,3546,0,9005,1230
2019-11-30,13679,3546,0,8912,1186
2019-12-01,10849,0,0,9453,1367
2019-12-02,59270,3497,45159,9093,1367
2019-12-03,,,,,
2019-12-04,52377,3497,47377,0,1367
2019-12-05,51377,3497,46379,0,1367
2019-12-06,,,,,
2019-12-07,65631,3497,46379,14217,1367
2019-12-08,51377,3497,46379,0,1367
2019-12-09,51377,3497,46379,0,1367
2019-12-10,66170,3497,47335,14217,950
2019-12-11,,,,,
2019-12-12,,,,,
2019-12-13,,,,,
2019-12-14,49121,3497,0,44547,950
2019-12-15,49121,3497,0,44547,950
2019-12-16,49121,3497,0,44547,950
2019-12-17,,,,,
2019-12-18,51972,3497,0,47391,950
2019-12-19,,,,,
2019-12-20,51972,3497,0,47391,950
2019-12-21,,,,,
2019-12-22,,,,,
2019-12-23,,,,,
2019-12-24,,,,,
2019-12-25,,,,,
2019-12-26,,,,,
2019-12-27,51972,3497,0,47391,950
2019-12-28,51972,3497,0,47391,950
2019-12-29,51972,3497,0,47391,950
2019-12-30,51972,3497,0,47391,950
2019-12-31,57992,3497,6004,47391,950
2020-01-01,34757,3502,30000,0,1165
2020-01-02,80482,3502,30000,45889,883
2020-01-03,,,,,
2020-01-04,45217,3502,0,40715,883
2020-01-05,47158,3502,0,42651,883
2020-01-06,47158,3502,0,42651,883
2020-01-07,47441,3502,0,42651,1165
2020-01-08,47441,3502,0,42651,1165
2020-01-09,47441,3502,0,42651,1165
2020-01-10,,,,,
2020-01-11,56944,3502,0,52129,1165
2020-01-12,56944,3502,0,52129,1165
2020-01-13,56944,3502,0,52129,1165
2020-01-14,61413,3502,0,56869,883
2020-01-15,,,,,
2020-01-16,,,,,
2020-01-17,,,,,
2020-01-18,,,,,
2020-01-19,,,,,
2020-01-20,60508,3502,0,55684,1165
2020-01-21,60225,3502,0,55684,883
2020-01-22,61413,3502,0,56869,883
2020-01-23,81198,3502,19734,56869,883
2020-01-24,86491,3502,25013,56869,883
2020-01-25,,,,,
2020-01-26,,,,,
2020-01-27,86761,3502,25000,56869,1165
2020-01-28,61413,3502,0,56869,883
2020-01-29,54093,3502,0,49286,1165
2020-01-30,53810,3502,0,49286,883
2020-01-31,53810,3502,0,49286,883
2020-02-01,50272,1982,0,47391,769
2020-02-02,50553,1982,0,47391,1049
2020-02-03,50272,1982,0,47391,769
2020-02-04,54653,3508,0,50234,769
2020-02-05,54653,3508,0,50234,769
2020-02-06,50847,3508,0,46158,1049
2020-02-07,56553,3508,0,52129,769
2020-02-08,53667,3508,0,48971,1049
2020-02-09,53667,3508,0,48971,1049
2020-02-10,53667,3508,0,48971,1049
2020-02-11,76545,3508,20000,52129,709
2020-02-12,56553,3508,0,52129,769
2020-02-13,,,,,
2020-02-14,56537,3508,0,52114,769
2020-02-15,54221,3508,0,49523,1049
2020-02-16,54221,3508,0,49523,1049
2020-02-17,54221,3508,0,49523,1049
2020-02-18,54221,3508,0,49523,1049
2020-02-19,58786,3508,0,54076,1049
2020-02-20,61586,3508,0,56869,1049
2020-02-21,66807,3508,18399,43958,769
2020-02-22,62853,3508,0,58133,1049
2020-02-23,,,,,
2020-02-24,,,,,
2020-02-25,61286,3508,0,57134,485
2020-02-26,89106,3508,28013,56869,485
2020-02-27,92215,3508,31114,56869,485
2020-02-28,,,,,
2020-02-29,61586,3508,0,56869,1049
2020-03-01,59115,3552,0,54499,911
2020-03-02,,,,,
2020-03-03,60533,3552,19352,36730,743
2020-03-04,94862,3552,38024,52129,911
2020-03-05,92833,3552,38958,49172,911
2020-03-06,57652,3552,0,53040,911
2020-03-07,95250,3552,37500,53040,911
2020-03-08,100186,3552,42500,52963,911
2020-03-09,88736,3552,33763,50280,911
2020-03-10,96313,3552,35013,56869,629
2020-03-11,91653,3552,36914,50320,629
2020-03-12,91741,3552,35013,52028,911
2020-03-13,51706,3552,0,47391,629
2020-03-14,52190,3552,0,47874,629
2020-03-15,53290,3552,0,48971,629
2020-03-16,64844,3552,15000,45495,629
2020-03-17,57350,3552,5629,47391,629
2020-03-18,90206,3552,38400,47391,629
2020-03-19,78138,3552,27021,46733,629
2020-03-20,73784,3552,22021,47391,629
2020-03-21,,,,,
2020-03-22,,,,,
2020-03-23,,,,,
2020-03-24,73216,3552,24909,43940,625
2020-03-25,82254,2767,24619,54026,629
2020-03-26,94491,2026,39233,52378,609
2020-03-27,71995,3534,19973,47391,911
2020-03-28,58622,3534,0,54026,911
2020-03-29,70840,3534,12468,54026,629
2020-03-30,82370,3534,23701,54292,629
2020-03-31,88025,3534,31504,52129,629
2020-04-01,89423,3549,33513,52129,0
2020-04-02,90393,3549,33513,52129,967
2020-04-03,,,,,
2020-04-04,,,,,
2020-04-05,,,,,
2020-04-06,,,,,
2020-04-07,84584,3549,33425,47391,0
2020-04-08,85570,3549,32513,49286,0
2020-04-09,77823,3549,21943,52129,0
2020-04-10,,,,,
2020-04-11,51482,3549,0,47800,0
2020-04-12,51998,3549,0,48314,0
2020-04-13,52107,3549,0,48423,0
2020-04-14,62975,3549,10687,48576,0
2020-04-15,,,,,
2020-04-16,85662,3549,34500,47391,0
2020-04-17,85662,3549,34500,47391,0
2020-04-18,78537,3549,29290,45495,0
2020-04-19,54398,3549,0,50708,0
2020-04-20,61752,3549,7313,50730,0
2020-04-21,77510,3549,25013,48747,0
2020-04-22,79015,3549,26375,48886,0
2020-04-23,85202,3549,34925,46507,0
2020-04-24,88686,3549,32014,52893,0
2020-04-25,,,,,
2020-04-26,,,,,
2020-04-27,,,,,
2020-04-28,82430,3549,30013,48654,0
2020-04-29,89423,3549,33513,52129,0
2020-04-30,95599,3549,34933,56869,0
2020-05-01,82714,3549,25039,53912,0
2020-05-02,65575,3549,0,61856,0
2020-05-03,54069,3549,12468,37912,0
2020-05-04,38080,3549,34432,39934,0
2020-05-05,43662,3549,40000,39823,0
2020-05-06,43567,3549,39905,0,0
2020-05-07,13662,3549,10078,0,0
2020-05-08,3558,3549,0,0,0
2020-05-09,3558,3549,0,0,0
2020-05-10,3558,3549,0,0,0
2020-05-11,19058,3549,48488,0,0
2020-05-12,50058,3549,45243,0,0
2020-05-13,52146,3549,48462,0,0
2020-05-14,49176,3549,45500,0,0
2020-05-15,50043,3549,33357,13007,0
2020-05-16,78389,3549,31986,42651,0
2020-05-17,83572,3549,32416,47391,0
2020-05-18,52571,3549,34820,14065,0
2020-05-19,99511,3549,39514,56190,0
2020-05-20,109389,3549,43949,61608,0
2020-05-21,113641,3549,43451,66346,0
2020-05-22,118546,3549,45500,69190,0
2020-05-23,109338,3549,43500,63504,0
2020-05-24,110840,3549,43500,63504,0
2020-05-25,110840,3549,43500,63504,0
2020-05-26,104188,3549,43500,56869,0
2020-05-27,110840,3549,43500,63504,0
2020-05-28,105272,3549,37007,64443,0
2020-05-29,103411,3549,37986,61608,0
2020-05-30,108638,3549,43200,61608,0
2020-05-31,112687,3549,42500,66346,0
2020-06-01,109752,3549,40500,65419,0
2020-06-02,116108,2973,43793,68243,798
2020-06-03,116748,2973,43485,69189,798
2020-06-04,112775,2973,43263,66247,0
2020-06-05,122651,3008,43500,75840,0
2020-06-06,113228,2973,42982,66979,0
2020-06-07,120948,2973,43700,73971,0
2020-06-08,108110,2973,43000,61856,0
2020-06-09,114048,2973,43800,66979,0
2020-06-10,116017,2973,44500,68243,0
2020-06-11,112814,2973,42253,67295,0
2020-06-12,106176,2973,41320,61608,0
2020-06-13,108104,2973,38504,66346,0
2020-06-14,115851,2973,43387,69190,0
2020-06-15,112351,2973,39896,69190,0
2020-06-16,114351,2973,41891,69190,0
2020-06-17,116616,2973,42254,71089,0
2020-06-18,114323,2973,42254,68799,0
2020-06-19,116616,2973,42254,71089,0
2020-06-20,111848,2973,42238,66346,0
2020-06-21,110924,2973,42254,65399,0
2020-06-22,109999,3008,42254,64451,0
2020-06-23,118116,2973,43750,71089,0
2020-06-24,109810,2973,42254,64298,0
2020-06-25,118516,2973,42254,72989,0
2020-06-26,110742,2973,39955,67926,0
2020-06-27,113679,2973,41104,69508,0
2020-06-28,113679,2973,41104,69508,0
2020-06-29,113679,2973,41104,69508,0
2020-06-30,116615,2973,42253,71089,0
2020-07-01,118366,2973,44000,71089,0
2020-07-02,115678,3285,43750,68243,100
2020-07-03,119030,3285,44250,71086,100
2020-07-04,117341,3285,43750,69901,100
2020-07-05,116478,3285,44000,68791,100
2020-07-06,113303,3285,43750,65874,100
2020-07-07,118047,3285,44500,69855,100
2020-07-08,112440,3285,40422,68341,100
2020-07-09,112085,3285,42008,66401,100
2020-07-10,112030,3285,42008,66346,100
2020-07-11,113487,3285,42258,67549,100
2020-07-12,109434,3285,40131,65634,100
2020-07-13,110666,3285,40647,66346,100
2020-07-14,112981,3285,42716,66587,100
2020-07-15,130456,3285,45425,81308,100
2020-07-16,118486,3285,48447,66346,100
2020-07-17,119413,3285,47950.5,67767.5,100
2020-07-18,120340,3285,47454,69189,100
2020-07-19,118780,3285,44634,70453,100
2020-07-20,118531,3285,44385,70454,100
2020-07-21,121531,3285,47377,70454,100
2020-07-22,122243,3285,46507,72034,100
2020-07-23,117645,2300,43854,71086,100
2020-07-24,119797,2300,46000,71086,100
2020-07-25,114193,2300,43337,68160,100
2020-07-26,115976.5,2300,43653,69623,100
2020-07-27,117760,2300,43969,71086,100
2020-07-28,116671,2300,43830,70139,100
2020-07-29,71928,2300,43042,26300,100
2020-07-30,117349,2300,42611,72034,100
2020-07-31,106167,2300,32557,70934,100
2020-08-01,120912,2300,45323,72875,100
2020-08-02,121598,3368,46198,71717,0
2020-08-03,119255,3368,43860,71718,0
2020-08-04,117846,3368,42455,71718,0
2020-08-05,116832,3368,41759,71402,0
2020-08-06,114821.5,3368,39911.5,71244,0
2020-08-07,116764.25,3368,42401.75,70691.5,0
2020-08-08,115818,3368,41063,71086,0
2020-08-09,112811,3368,38064,71086,0
2020-08-10,118707,3368,44892,70139,0
2020-08-11,120527,3368,45760,71086.5,0
2020-08-12,122316,3368,46597,72033.75,0
2020-08-13,122347,3368,46628,72034,0
2020-08-14,124105,3368,47434,72981,0
2020-08-15,116996,3368,48000,65324,0
2020-08-16,123026,3368,48500,70839,0
2020-08-17,121453,3368,47000,70770,0
2020-08-18,121453,3368,47000,70770,0
2020-08-19,124651,3368,48000,72959,0
2020-08-20,121568,3368,46798,71086,0
2020-08-21,124637,3368,47964,72981,0
2020-08-22,121968,3368,46250,72034,0
2020-08-23,121050.5,3368,46124.5,71244,0
2020-08-24,120133,3368,45999,70454,0
2020-08-25,121136,3368,47000,70454,0
2020-08-26,121322,3368,47500,70139,0
2020-08-27,121322,3368,47500,70139,0
2020-08-28,122200,3368,48376,70139,0
2020-08-29,122324,3368,48500,70139,0
2020-08-30,120122,3368,48200,68243,0
2020-08-31,118413,3368,46495,68243,0
2020-09-01,117837,792,48497,68243,0
2020-09-02,119596,0,48200,71086,0
2020-09-03,118947,0,48500,70139,0
2020-09-04,118856,0,48409,70139,0
2020-09-05,117164,0,47670,69190,0
2020-09-06,113778,0,43700.5,69782.5,0
2020-09-07,110392,0,39731,70375,0
2020-09-08,112990,0,42322,70375,0
2020-09-09,115588,0,44913,70375,0
2020-09-10,122531,3076,48949,70139,50
2020-09-11,118191,3371,48117,66346,50
2020-09-12,119129,3371,50000,65399,50
2020-09-13,122942,3371,53487,65715,50
2020-09-14,120441,3371,50992,65715,50
2020-09-15,121446,3371,51995,65715,50
2020-09-16,119474,3371,47500,68243,50
2020-09-17,119421,3371,46500,69190,50
2020-09-18,122377,3371,48500,70139,50
2020-09-19,122878,3371,49000,70139,50
2020-09-20,119280,3371,47307,68243,50
2020-09-21,119712,3371,47739,68242,50
2020-09-22,119380,3371,47407,68243,50
2020-09-23,123327,3371,48500,71086,50
2020-09-24,122377,3371,48500,70139,50
2020-09-25,121876,3371,48000,70139,50
2020-09-26,119474,3371,47500,68243,50
2020-09-27,117956,3371,47250,66979,50
2020-09-28,116438,3371,47000,65715,50
2020-09-29,116940,3371,47500,65715,50
2020-09-30,118471,3371,46500,68243,50
2020-10-01,118471,3371,46500,68243,50
2020-10-02,120479,3549,48250,68243,126
2020-10-03,120229,3549,48000,68243,126
2020-10-04,115425,3549,47000,64451,126
2020-10-05,115927,3549,47500,64451,126
2020-10-06,120229,3549,48000,68243,126
2020-10-07,119728,3549,47500,68243,126
2020-10-08,113775,3549,47250,62555,126
2020-10-09,113524,3549,47000,62555,126
2020-10-10,113524,3549,47000,62555,126
2020-10-11,110357,3549,47000,59397,126
2020-10-12,110357,3549,47000,59397,126
2020-10-13,110608,3549,47250,59397,126
2020-10-14,104578,2953,41643,59711,0
2020-10-15,110025,3549,41614,64451,126
2020-10-16,116939,3549,44844,68243,0
2020-10-17,120960,3549,47908,69189,0
2020-10-18,115766,3549,43042,68875,0
2020-10-19,119324,3549,46500,68875,91
2020-10-20,117837,3549,43844,70139,0
2020-10-21,122048,3549,48044,70139,0
2020-10-22,114341,3549,40357,70139,0
2020-10-23,120131,3549,46006,70139,126
2020-10-24,119122,3549,46074,69190,0
2020-10-25,74000,2220,28306,43281,0
2020-10-26,119895,3549,46845,69190,0
2020-10-27,116054,3508,48000,64245,0
2020-10-28,120678,3549,47500,69190,126
2020-10-29,119612,3549,46437,69190,126
2020-10-30,104054,3549,30920,69190,126
2020-10-31,111833,3549,38678.5,69190,126
2020-11-01,114321,3507,43422,66821,274
2020-11-02,115310,3507,44409,66821,274
2020-11-03,112299,3507,39528,68973,0
2020-11-04,73023,3507,0,69052,274
2020-11-05,91332,1832,25000,63989,274
2020-11-06,94705,1759,30000,62426,274
2020-11-07,76260,1759,33000,41047,255
2020-11-08,72335,2633,16500,52749,264.5
2020-11-09,68410,3507,0,64451,274
2020-11-10,65143,3507,0,61200,267
2020-11-11,67460,3507,0,63504,274
2020-11-12,60808,3507,0,56869,274
2020-11-13,60808,3507,0,56869,274
2020-11-14,62335,3507,0,58448,218
2020-11-15,62365,3507,0,58448,248
2020-11-16,62365,3507,0,58448,248
2020-11-17,89119,3507,15943,69190,248
2020-11-18,98171,3507,25000,69190,219
2020-11-19,110933,3507,37705,69190,243
2020-11-20,111234,3507,38000,69190,248
2020-11-21,69905,3507,0,66031,186
2020-11-22,69905,3507,0,66031,186
2020-11-23,69905,3507,0,66031,186
2020-11-24,73070,3507,0,69190,184
2020-11-25,74299,3507,0,70418,182
2020-11-26,71164,3507,0,67295,178
2020-11-27,71167,3507,0,67295,181
2020-11-28,71159,3507,0,67295,173
2020-11-29,71159,3507,0,67295,173
2020-11-30,48689,3507,0,44883,173
2020-12-01,47773,681,0,46878,90
2020-12-02,72850,3384,0,69190,87
2020-12-03,48482,3384,0,44883,89
2020-12-04,72856,3384,0,69190,93
2020-12-05,62084,3384,0,58448,91
2020-12-06,62084,3384,0,58448,91
2020-12-07,62084,3384,0,58448,91
2020-12-08,65251,3384,0,61608,90
2020-12-09,98339,3384,33000,61608,92
2020-12-10,65256,3384,0,61608,95
2020-12-11,90255,3384,24935,61608,94
2020-12-12,59667,3384,14961,41072,95
2020-12-13,44735,3424,0,41072,123
2020-12-14,72537.5,3404,17500,51340,105.5
2020-12-15,100340,3384,35000,61608,88
2020-12-16,100363,3384,35021,61608,90
2020-12-17,102852,3384,37500,61608,93
2020-12-18,65243,3384,0,61608,82
2020-12-19,35150,3384,0,31594,81
2020-12-20,35150,3384,0,31594,81
2020-12-21,35150,3384,0,31594,81
2020-12-22,41527,3384,0,37912,123
2020-12-23,41527,3384,0,37912,123
2020-12-24,41467,3384,0,37912,63
2020-12-25,52218,3384,0,48576,123
2020-12-26,52258,3424,0,48576,123
2020-12-27,52258,3424,0,48576,123
2020-12-28,52183,3384,0,48576,88
2020-12-29,65249,3384,0,61608,88
2020-12-30,65249,3384,0,61608,88
2020-12-31,65249,3393,0,61608,88
2021-01-01,64232,2222,0,61608,242
2021-01-02,64170,2250,0,61518,242
2021-01-03,84049,2222,19948,61518,149
2021-01-04,64260,2250,0,61608,242
2021-01-05,64139,2222,0,61608,149
2021-01-06,34680,2222,0,32225,149
2021-01-07,39432,2222,0,36965,149
2021-01-08,64232,2222,0,61608,242
2021-01-09,66766,2222,0,64135,242
2021-01-10,64232,2222,0,61608,242
2021-01-11,66766,2222,0,64135,242
2021-01-12,71741,2222,0,69190,149
2021-01-13,71741,2222,0,69190,149
2021-01-14,71741,2222,0,69190,149
2021-01-15,68983,2222,0,66346,242
2021-01-16,67083,2222,0,64451,242
2021-01-17,59481,2222,0,56869,242
2021-01-18,69934,2222,0,67295,242
2021-01-19,69934,2222,0,67295,242
2021-01-20,71267,3555,0,67295,242
2021-01-21,68416,3555,0,64451,242
2021-01-22,68349,3555,0,64451,175
2021-01-23,68349,3555,0,64451,175
2021-01-24,68349,3555,0,64451,175
2021-01-25,68349,3555,0,64451,175
2021-01-26,68349,3555,0,64451,175
2021-01-27,69767,3555,0,65873,167.5
2021-01-28,71185,3555,0,67295,160
2021-01-29,65800,3555,0,61924,160
2021-01-30,"65,800.00","3,555.00",0,"61,924.00",160
2021-01-31,"60,732.00","3,555.00",0,"56,869.00",160
2021-02-01,"66,553.00","1,763.00",0,"64,451.00",171
2021-02-02,"69,404.00","1,763.00",0,"67,295.00",171
2021-02-03,"69,404.00","1,763.00",0,"67,295.00",171
2021-02-04,"69,404.00","1,763.00",0,"67,295.00",171
2021-02-05,"69,404.00","1,763.00",0,"67,295.00",171
2021-02-06,"49,448.00","1,763.00",0,"47,391.00",171
2021-02-07,"39,945.00","1,763.00",0,"37,912.00",171
2021-02-08,"55,150.00","1,763.00",0,"53,078.00",171
2021-02-09,"66,553.00","1,763.00",0,"64,451.00",171
2021-02-10,"66,553.00","1,763.00",0,"64,451.00",171
2021-02-11,"66,553.00","1,763.00",0,"64,451.00",171
2021-02-12,"66,553.00","1,763.00",0,"64,451.00",171
2021-02-13,"63,702.00","1,763.00",0,"61,608.00",171
2021-02-14,"63,703.00","1,764.00",0,"61,608.00",171
2021-02-15,"103,355.00","1,764.00","32,914.00","68,243.00",171
2021-02-16,"91,268.00",0,"26,106.00","64,925.00",0
2021-02-17,"84,945.00",0,"42,000.00","42,725.00",0
2021-02-18,"64,698.00",0,0,"64,451.00",79
2021-02-19,"95,196.00",0,"33,171.00","61,608.00",171
2021-02-20,,,,,
2021-02-21,,,,,
2021-02-22,,,,,
2021-02-23,,,,,
2021-02-24,,,,,
2021-02-25,,,,,
2021-02-26,"63,639.00","1,763.00",0,"61,608.00",108
2021-02-27,,,,,
2021-02-28,,,,,
2021-03-01,,,,,
2021-03-02,"48,349.00","1,612.00","4,057.00","42,407.00",152
2021-03-03,,,,,
2021-03-04,,,,,
2021-03-05,,,,,
2021-03-06,,,,,
2021-03-07,,,,,
2021-03-08,,,,,
2021-03-09,,,,,
2021-03-10,,,,,
2021-03-11,,,,,
2021-03-12,,,,,
2021-03-13,,,,,
2021-03-14,,,,,
2021-03-15,,,,,
2021-03-16,"104,759.00","2,281.00","40,508.00","61,608.00",97
2021-03-17,"102,675.00","2,281.00","38,429.00","61,608.00",97
2021-03-18,"106,942.00","2,281.00","42,685.00","61,608.00",97
2021-03-19,"107,313.00","2,281.00","43,000.00","61,608.00",152
2021-03-20,,,,,
2021-03-21,,,,,
2021-03-22,"107,814.00","2,275.00","43,500.00","61,608.00",152
2021-03-23,,,,,
2021-03-24,"110,120.00","2,275.00","43,000.00","64,451.00",108
2021-03-25,,,,,
2021-03-26,,,,,
2021-03-27,"99,747.00","2,275.00","35,454.00","61,608.00",152
2021-03-28,"92,972.00","2,275.00","33,435.00","56,869.00",152
2021-03-29,"102,801.00","2,275.00","38,500.00","61,608.00",152
2021-03-30,"98,050.00","2,275.00","38,500.00","56,869.00",152
2021-03-31,"100,425.50","2,275.00","38,500.00","59,238.50",152
2021-04-01,"84,932.00","2,043.00","25,027.00","57,461.00",180
2021-04-02,"81,304.00","1,984.00","17,757.00","61,163.00",188
2021-04-03,"77,076.00","1,912.00","11,938.00","62,829.00",197
2021-04-04,"82,693.00","1,880.00","16,268.00","64,171.00",159
2021-04-05,"70,422.00","1,810.00","16,090.00","52,129.00",209
2021-04-06,"70,831.00","1,810.00","7,020.00","61,607.00",209
2021-04-07,"69,026.00","1,810.00",481,"66,346.00",209
2021-04-08,"73,044.00","1,810.00","4,488.00","66,346.00",209
2021-04-09,"99,347.00","1,810.00","30,889.00","66,346.00",44
2021-04-10,"97,298.00","1,810.00","33,418.00","61,608.00",209
2021-04-11,"97,065.00","1,810.00","33,186.00","61,608.00",209
2021-04-12,"80,544.00","1,810.00","11,969.00","66,346.00",209
2021-04-13,"68,544.00","1,810.00",0,"66,346.00",209
2021-04-14,"83,858.00","1,810.00","17,748.25","63,977.00",104
2021-04-15,"88,028.00","1,810.00","24,382.00","61,608.00",0
2021-04-16,"98,315.00","1,810.00","34,642.00","61,608.00",0
2021-04-17,"70,774.00","1,810.00","6,963.00","61,608.00",209
2021-04-18,"75,324.00","1,810.00","11,501.00","61,608.00",209
2021-04-19,"86,100.00","1,810.00","22,354.00","61,608.00",104
2021-04-20,"96,876.00","1,810.00","33,207.00","61,608.00",0
2021-04-21,"96,660.00","1,810.00","32,991.00","61,608.00",0
2021-04-22,"96,662.00","1,810.00","32,991.00","61,608.00",2
2021-04-23,"93,848.50","1,810.00","33,008.50","58,785.00",1
2021-04-24,"91,035.00","1,810.00","33,026.00","55,962.00",0
2021-04-25,"78,434.00","1,810.00","19,551.00","56,869.00",0
2021-04-26,"80,540.00","1,810.00","33,026.00","45,495.00",0
2021-04-27,"44,522.00","1,810.00","42,387.00",0,209
2021-04-28,"44,649.00","1,810.00","42,513.00",0,209
2021-04-29,"45,638.00","1,810.00","43,500.00",0,209
2021-04-30,"43,070.50","1,746.00","41,003.25",0,209
2021-05-01,"43,302.38","1,730.00","41,250.81",0,209
2021-05-02,"39,494.00","1,682.00","37,500.00",0,209
2021-05-03,"42,501.00","1,682.00","40,500.00",0,209
2021-05-04,"42,000.00","1,682.00","40,000.00",0,209
2021-05-05,"39,284.00","1,682.00","37,500.00",0,0
2021-05-06,"39,284.00","1,682.00",0,0,0
2021-05-07,"40,997.00","1,682.00","39,000.00",0,209
2021-05-08,"66,041.25","1,682.00","30,250.00","32,406.25",209
2021-05-09,"99,017.00","1,682.00","40,000.00","56,869.00",209
2021-05-10,"84,867.00","1,682.00","42,000.00","40,756.00",209
2021-05-11,"90,517.00","1,682.00","41,000.00","47,391.00",209
2021-05-12,"91,801.00","1,682.00","32,803.00","56,869.00",209
2021-05-13,"92,513.00","1,682.00","33,513.00","56,869.00",209
2021-05-14,"93,094.00","1,682.00","34,092.67","56,869.00",209
2021-05-15,"92,803.50","1,682.00","33,802.83","56,869.00",209
2021-05-16,"94,968.00","1,682.00","35,962.00","56,869.00",209
2021-05-17,"96,728.50","1,682.00","35,348.50","59,238.50",209
2021-05-18,"98,489.00","1,682.00","34,735.00","61,608.00",209
2021-05-19,"97,876.50","1,682.00","34,124.00","61,608.00",209
2021-05-20,"98,182.75","1,682.00","34,429.50","61,608.00",209
2021-05-21,"98,029.63","1,682.00","34,276.75","61,608.00",209
2021-05-22,"97,264.00","1,682.00","33,513.00","61,608.00",209
2021-05-23,"90,014.50","1,682.00","36,256.50","51,634.00",209
2021-05-24,"82,765.00","1,682.00","39,000.00","41,660.00",209
2021-05-25,"77,765.00","1,682.00","34,013.00","41,660.00",209
2021-05-26,"77,397.00","1,682.00","27,926.00","47,410.00",210
2021-05-27,"81,985.38","1,682.00","34,298.88","45,591.00",209.25
2021-05-28,"79,978.09","1,682.00","33,809.47","44,080.25",209.313
2021-05-29,"79,281.37","1,682.00","32,511.84","44,685.31",209.391
2021-05-30,"79,660.46","1,682.00","32,136.55","45,441.64",209.488
2021-05-31,"92,249.00","1,682.00","28,522.00","61,632.00",210
2021-06-01,"102,978.00","2,422.00","38,528.00","61,632.00",170
2021-06-02,"101,564.00","2,175.00","37,350.00","61,632.00",183
2021-06-03,"109,464.00","2,422.00","45,000.00","61,632.00",170
2021-06-04,"105,327.00","2,340.00","40,950.00","61,632.00",174
2021-06-05,"104,954.00","2,422.00","40,500.00","61,632.00",170
2021-06-06,"101,205.00","2,422.00","41,500.00","56,892.00",170
2021-06-07,"104,373.00","2,422.00","41,500.00","60,052.00",170
2021-06-08,"106,959.00","2,422.00","42,500.00","61,632.00",170
2021-06-09,"103,644.50","2,422.00","40,000.00","60,829.75",165.25
2021-06-10,"102,424.00","2,422.00","38,000.00","61,607.00",170
2021-06-11,"100,822.00","2,422.00","38,000.00","60,028.00",151
2021-06-12,"91,055.59","1,890.71","34,207.10","54,345.22",195.342
2021-06-13,"93,557.42","1,890.71","36,068.01","55,168.95",195.355
2021-06-14,"92,196.50","1,830.00","37,274.10","52,667.70",201.4
2021-06-15,"95,341.60","1,978.00","38,155.20","54,784.60",193.4
2021-06-16,"94,456.60","1,928.60","34,440.60","57,669.75",195.25
2021-06-17,"106,432.00","2,422.00","42,000.00","61,607.00",170
2021-06-18,"95,450.14","1,961.60","36,225.78","56,843.45",190.463
2021-06-19,"93,071.69","1,871.74","34,906.95","55,827.91",198.546
2021-06-20,"91,881.08","1,871.74","36,384.61","53,201.12",198.569
2021-06-21,"93,662.40","1,859.60","36,328.92","55,050.04",199.88
2021-06-22,"96,306.52","2,037.20","37,586.24","56,263.32",190.28
2021-06-23,"102,579.00","2,422.00","41,000.00","58,763.00",170
2021-06-24,"100,076.34","2,237.00","39,824.72","57,609.25",179.813
2021-06-25,"95,394.31","2,101.40","37,246.31","55,645.93",181.194
2021-06-26,"92,090.66","1,966.61","35,531.47","54,122.61",193.32
2021-06-27,"91,575.99","1,966.61","36,522.29","52,675.93",193.353
2021-06-28,"104,409.00","2,422.00","40,000.00","61,607.00",151
2021-06-29,"106,357.00","3,321.00","41,500.00","61,607.00",140
2021-06-30,"108,306.00","3,321.00","43,000.00","61,607.00",140
2021-07-01,"105,590.50","3,321.00","40,833.33","61,607.00",140
2021-07-02,"106,948.25","3,321.00","41,916.67","61,607.00",140
2021-07-03,"102,108.00","3,321.00","38,000.00","60,423.00",140
2021-07-04,"104,534.25","3,321.00","37,662.00","61,607.00",140
2021-07-05,"106,960.50","3,321.00","42,250.00","61,015.00",140
2021-07-06,"99,335.04","3,321.00","39,080.48","61,607.00",140
2021-07-07,"111,813.00","3,321.00","46,500.00","61,607.00",140
2021-07-08,"111,562.50","3,321.00","46,250.00","61,607.00",140
2021-07-09,"111,687.75","3,321.00","46,375.00","61,607.00",140
2021-07-10,"111,625.13","3,321.00","46,312.50","61,607.00",140
2021-07-11,"111,656.44","3,321.00","46,343.75","61,607.00",140
2021-07-12,"111,312.00","3,321.00","46,000.00","61,607.00",140
2021-07-13,"111,312.00","3,321.00","46,000.00","61,607.00",140
2021-07-14,"117,566.00","3,321.00","47,500.00","66,347.00",140
2021-07-15,"113,818.00","3,321.00","48,500.00","61,607.00",140
2021-07-16,"52,075.00","3,321.00","48,500.00",0,140
2021-07-17,"102,736.00","3,321.00","48,500.00","50,550.00",140
2021-07-18,"106,816.00","3,321.00","48,500.00","54,621.00",140
2021-07-19,"114,592.00","3,321.00","49,273.00","61,607.00",140
2021-07-20,"112,184.00","3,321.00","46,877.00","61,606.00",134
2021-07-21,"114,814.00","3,321.00","49,500.00","61,607.00",134
2021-07-22,"118,518.00","3,321.00","48,500.00","66,347.00",90
2021-07-23,"114,352.00","3,321.00","44,300.00","66,347.00",134
2021-07-24,"110,811.00","3,321.00","45,500.00","61,607.00",140
2021-07-25,"110,811.00","3,321.00","45,500.00","61,607.00",140
2021-07-26,"117,566.00","3,321.00","47,500.00","66,347.00",140
2021-07-27,"116,668.00","3,321.00","48,500.00","64,451.00",140
2021-07-28,"115,666.00","3,321.00","47,500.00","64,451.00",140
2021-07-29,"116,062.00","3,321.00","46,000.00","66,347.00",140
2021-07-30,"103,241.00","3,321.00","36,051.00","63,503.00",140
2021-07-31,"103,277.00","3,321.00","36,087.00","63,503.00",140
2021-08-01,"113,052.00","1,057.00","50,000.00","61,607.00",140
2021-08-02,"114,003.00","1,057.00","34,917.00","62,556.00",140
2021-08-03,"116,299.00","1,057.00","48,500.00","66,347.00",140
2021-08-04,"114,294.00","1,057.00","46,500.00","66,347.00",140
2021-08-05,"114,294.00","1,057.00","46,500.00","66,347.00",140
2021-08-06,"111,631.00","1,057.00","39,104.00","71,086.00",140
2021-08-07,"112,290.00","1,057.00","44,500.00","66,347.00",140
2021-08-08,"112,791.00","1,057.00","45,000.00","66,347.00",140
2021-08-09,"113,292.00","1,057.00","45,500.00","66,347.00",140
2021-08-10,"113,543.00","1,057.00","45,750.00","66,347.00",140
2021-08-11,"112,290.00","1,057.00","44,500.00","66,347.00",140
2021-08-12,"113,292.00","1,057.00","45,500.00","66,347.00",140
2021-08-13,"107,289.00","1,057.00","44,250.00","61,607.00",140
2021-08-14,"107,289.00","1,057.00","44,250.00","61,607.00",140
2021-08-15,"107,540.00","1,057.00","44,500.00","61,607.00",140
2021-08-16,"103,292.00","1,057.00","45,000.00","56,869.00",140
2021-08-17,"108,041.00","1,057.00","45,000.00","61,607.00",140
2021-08-18,"110,891.00","1,057.00","45,000.00","64,451.00",140
2021-08-19,"113,292.00","1,057.00","45,500.00","66,347.00",140
2021-08-20,"106,538.00","1,057.00","43,500.00","61,607.00",140
2021-08-21,"106,788.00","1,057.00","43,750.00","61,607.00",140
2021-08-22,"106,788.00","1,057.00","43,750.00","61,607.00",140
2021-08-23,"109,625.00","1,057.00","45,000.00","63,188.00",140
2021-08-24,"108,281.00","1,057.00","40,500.00","66,347.00",140
2021-08-25,"110,640.00","1,057.00","44,750.00","64,451.00",140
2021-08-26,"116,288.00","1,057.00","48,500.00","66,347.00",129
2021-08-27,"114,285.00","1,057.00","46,491.00","66,347.00",140
2021-08-28,"111,709.00","1,057.00","45,500.00","64,768.00",140
2021-08-29,"112,696.00","1,057.00","46,500.00","64,768.00",125
2021-08-30,"112,912.00","1,057.00","46,700.00","64,768.00",140
2021-08-31,"110,374.00","1,057.00","44,499.00","64,451.00",125
2021-09-01,"106,365.00","2,365.00","42,000.00","61,607.00",160
2021-09-02,"98,822.00","2,365.00","34,473.00","61,607.00",160
2021-09-03,"104,018.00","2,365.00","42,500.00","58,765.00",160
2021-09-04,"103,120.00","2,365.00","43,500.00","56,869.00",160
2021-09-05,"102,118.00","2,365.00","42,500.00","56,869.00",160
2021-09-06,"107,368.00","2,365.00","43,000.00","61,607.00",160
2021-09-07,"107,518.00","2,365.00","43,150.00","61,607.00",160
2021-09-08,"105,825.00","2,365.00","41,499.00","61,607.00",122
2021-09-09,"106,867.00","2,365.00","42,500.00","61,607.00",160
2021-09-10,"101,856.00","2,365.00","37,500.00","61,607.00",160
2021-09-11,"102,858.00","2,365.00","38,500.00","61,607.00",160
2021-09-12,"98,109.00","2,365.00","38,500.00","56,869.00",160
2021-09-13,"104,361.00","2,365.00","40,000.00","61,607.00",160
2021-09-14,"105,363.00","2,365.00","41,000.00","61,607.00",160
2021-09-15,"109,372.00","2,365.00","45,000.00","61,607.00",160
2021-09-16,"109,215.00","2,365.00","42,000.00","64,451.00",160
2021-09-17,"110,719.00","2,365.00","43,500.00","64,451.00",160
2021-09-18,"104,862.00","2,365.00","40,500.00","61,607.00",160
2021-09-19,"104,229.00","2,365.00","40,500.00","60,976.00",160
2021-09-20,"109,717.00","2,365.00","42,500.00","64,451.00",160
2021-09-21,"67,123.00","2,365.00",0,"64,451.00",160
2021-09-22,"70,923.00","2,365.00",0,"68,243.00",160
2021-09-23,"107,608.00","2,365.00","38,500.00","66,347.00",160
2021-09-24,"99,119.00","2,365.00","30,030.00","66,347.00",160
2021-09-25,"99,350.00","2,365.00","35,000.00","61,607.00",160
2021-09-26,"77,850.00","2,365.00","13,547.00","61,607.00",160
2021-09-27,"102,809.00","2,365.00","38,500.00","61,607.00",111
2021-09-28,"102,555.00","2,365.00","38,221.00","61,607.00",137
2021-09-29,"106,606.00","2,365.00","37,500.00","66,347.00",160
2021-09-30,"104,056.00","2,365.00","35,000.00","66,347.00",116
2021-10-01,"100,245.00","3,547.00","30,000.00","66,347.00",131
2021-10-02,"83,157.00","3,547.00","14,529.00","64,768.00",131
2021-10-03,"96,157.00","3,547.00","27,500.00","64,768.00",131
2021-10-04,"100,245.00","3,547.00","30,000.00","66,347.00",131
2021-10-05,"97,740.00","3,547.00","27,500.00","66,347.00",131
