Date,GRO1,GRO2,GRO3,GRO4,GRO5,GRO6,GRO7,GRO8,GRO9,GRO10,GRO11,GRO12,GRO13,GRO14,GRO15,GRO16,GRO17,GRO18,GRO19,GRO20,GRO21,GRO22,GRO23
2019-11-07,353015,6536,7011,37732,1000,6536,122908,1728,84969,36723,105078,35304,812,700,1096,0,6536,0,0,0,0,0,0
2019-11-08,374805,14689,7011,38922,1000,14689,114600,1728,92945,37913,108382,45923,812,700,1096,0,14689,0,0,0,0,0,0
2019-11-09,335281,20916,7011,33922,1000,13656,93277,1728,84484,32913,99131,46576,812,700,1096,0,20916,0,0,0,0,0,0
2019-11-10,337264,13360,7011,33922,1000,13656,88529,1728,91209,32913,99131,46576,812,700,1096,0,13360,0,0,0,0,0,0
2019-11-11,344211,13656,7011,33922,1000,13656,130495,1728,56168,32913,99131,46576,812,700,1096,0,13656,0,0,0,0,0,0
2019-11-12,356766,5082,7011,36934,1000,5082,131428,1728,83156,35925,92292,46576,812,700,1096,0,5082,0,0,0,0,0,0
2019-11-13,340563,7918,7011,33922,1000,7918,96127,1728,92636,32913,99131,46576,812,700,1096,0,7918,0,0,0,0,0,0
2019-11-14,312978.5,6116.38,26098.63,37850.5,1000,5286,136101.25,1296,72082.88,33898,88284.75,36083,823.25,424,631.5,0,6116.38,0,0,0,0,0,0
2019-11-15,317893.08,8350.17,30586.42,42350.25,1000,8350.17,138735.92,1526.5,76974.75,35454.25,96336.75,29237.75,823.25,471.67,650.17,0,8350.17,0,0,0,0,0,0
2019-11-16,313734.5,16675.5,27031.5,34668.25,1000,12004.5,131158,1641.75,77083.75,33659.25,85628.75,30477.75,823.25,495.5,711,0,16675.5,0,0,0,0,0,0
2019-11-17,311474.75,11963.83,22559.58,37184.08,1000,10997.67,124435.67,1555.5,82878.08,34212.75,86001.92,27089.83,785.75,442.5,865.67,0,11963.83,0,0,0,0,0,0
2019-11-18,316957.25,13045.75,23180,35226.75,1000,11467.25,140222,1555.5,68765.25,34217.75,86252.75,28990.75,785.75,442.5,882,0,13045.75,0,0,0,0,0,0
2019-11-19,331152.75,8536.75,18663.75,35171.25,1000,8536.75,143368,1555.5,73806.25,34162.25,83336,35683,785.75,442.5,1423.25,0,8536.75,0,0,0,0,0,0
2019-11-20,359933,18444,7011,37974,1000,12479,139450,1728,71419,36965,92192,46576,877,498,888,0,18444,0,0,0,0,0,0
2019-11-21,334165,9774.5,18809.5,48726,1000,6792,137336,1728,75327.5,35943,93165,46576,877,498,820,0,9774.5,0,0,0,0,0,0
2019-11-22,308397,1105,30608,59478,1000,1105,135222,1728,79236,34921,94138,46576,877,498,752,0,1105,0,0,0,0,0,0
2019-11-23,315732,18444,32161,35990,1000,12276,125208,1728,68844,34981,97148,39648,877,498,828,0,18444,0,0,0,0,0,0
2019-11-24,316013,12664.33,31643.33,43819.33,1000,8503.67,130242.67,1728,73461.33,34961,96144.67,41957.33,877,498,822.67,0,12664.33,0,0,0,0,0,0
2019-11-25,323910,18444,32161,35990,1000,12130,130298,1728,72304,34981,97148,39648,877,498,888,0,18444,0,0,0,0,0,0
2019-11-26,325656,0,7011,35990,1000,0,133555,1728,66617,34981,97998,29739,877,498,828,0,0,0,0,0,0,0,0
2019-11-27,304289,8155,7011,26922,1000,8155,105978,1728,77253,25913,104299,10904,877,498,828,0,8155,0,0,0,0,0,0
2019-11-28,302655,8155,37011,26922,1000,7816,129604,1728,82246,25913,90209,25774,877,498,148,0,8155,0,0,0,0,0,0
2019-11-29,303007,8898,37011,35740,1000,8898,136517,1728,74531,34731,115983,0,877,498,148,0,8898,0,0,0,0,0,0
2019-11-30,296266,8898,24381,35740,1000,3642,118307,1728,79098,34731,80296,35687,877,498,148,0,8898,0,0,0,0,0,0
2019-12-01,283871,3387,7011,37974,1000,3387,98895,1383,82080,36965,82792,19826,727,286,772,0,3387,0,0,0,0,0,0
2019-12-02,282119,1639,8975,37974,1000,1639,110354,1383,72582,36965,82792,19826,727,286,772,0,1639,0,0,0,0,0,0
2019-12-03,281484,10621,37011,34740,1000,10621,139844,1383,65144,33731,62245,36678,727,286,772,0,10621,0,0,0,0,0,0
2019-12-04,286352,7682,57011,34740,1000,7682,163417,1383,61863,33731,69905,36678,727,286,580,0,7682,0,0,0,0,0,0
2019-12-05,262079,0,41563,38022,1000,0,154557,0,45789,37013,64687,36678,727,0,462,0,0,0,0,0,0,0,0
2019-12-06,285363.33,8708.67,47715.67,35261,1000,8708.67,168604.67,922,61187,34252,66844,24452,727,190.67,604.67,0,8708.67,0,0,0,0,0,0
2019-12-07,307659,18444,44573,33021,1000,18444,187840,1383,75909,32012,65940,0,727,286,772,0,18444,0,0,0,0,0,0
2019-12-08,308751,18444,44573,33021,1000,18444,180076,1383,84762,32012,65940,0,727,286,772,0,18444,0,0,0,0,0,0
2019-12-09,317589,18444,44573,33021,1000,18444,189741,1383,74007,32012,65940,9913,727,286,772,0,18444,0,0,0,0,0,0
2019-12-10,360705,18444,23622,33021,1000,18444,168645,1383,80308,32012,80809,29739,727,286,2997,0,18444,0,0,0,0,0,0
2019-12-11,375351,18444,23950,38022,1000,18444,166052,1383,70354,37013,105592,34695,727,286,772,0,18444,0,0,0,0,0,0
2019-12-12,370136,18444,17052,38022,1000,18444,168896,1383,64622,37013,78827,51526,727,286,1499,0,18444,0,0,0,0,0,0
2019-12-13,326867,18444,12211,38022,1000,18444,169349,1383,79047,37013,60488,6939,727,350,1431,0,18444,0,0,0,0,0,0
2019-12-14,310727,18444,22072,27077,1000,18444,170583,1383,56218,26068,82792,0,727,350,1431,0,18444,0,0,0,0,0,0
2019-12-15,310726,18444,22072,27077,1000,18444,165834,1383,60966,26068,82792,0,727,350,1431,0,18444,0,0,0,0,0,0
2019-12-16,348133,18444,35870,37073,1000,18444,186996,1383,73424,36064,82792,17546,727,350,1351,0,18444,0,0,0,0,0,0
2019-12-17,280185,18444,95151,89454,1000,18444,250156,1383,68002,37013,77835,7435,727,350,1351,0,18444,0,0,0,0,0,0
2019-12-18,341752,18444,89335,81993,1000,18444,218149,1383,89329,38913,107574,34695,727,350,1351,0,18444,0,0,0,0,0,0
2019-12-19,305320,18444,78425,71031,1000,18444,212009,1383,70000,38913,94687,14869,727,350,1351,0,18444,0,0,0,0,0,0
2019-12-20,321108,18444,47251,38922,1000,18444,177114,1383,68966,37913,84279,14869,727,313,1328,0,18444,0,0,0,0,0,0
2019-12-21,297665.83,14902,22699.67,33793.83,833.33,11788,127723.33,1555.5,71879.17,32953,84352.67,20318.5,791.17,505.33,717.17,0,14902,0,0,0,0,0,0
2019-12-22,293435,12763,17333.4,33801.4,800,12822.2,120832,1452,77267.6,32994.2,82292.8,13280.4,744,464.4,819.8,0,12763,0,0,0,0,0,0
2019-12-23,306164.83,12376.67,22600.17,36000.33,1000,11324.33,136650.17,1498,69442,34991.33,84768.67,22251.5,766.17,470,817.83,0,12376.67,0,0,0,0,0,0
2019-12-24,315383.5,10844.67,29469.5,43368.67,1000,10147.5,149306.33,1498,73189.5,33787.67,85267.33,29984.33,645,470,1274.83,0,10844.67,0,0,0,0,0,0
2019-12-25,313132.5,11502.17,31888.17,40945.33,833.33,11502.17,140392,1540.83,71958.17,32924.5,94288.17,29736.17,797.33,453.33,1267.83,0,11502.17,0,0,0,0,0,0
2019-12-26,298083.4,12697.4,36212.4,40814,800,12363,152488.8,1226.8,66593.6,33583.2,79545,25769.4,794.4,346.8,1288,0,12697.4,0,0,0,0,0,0
2019-12-27,290661.25,13996.75,25871,35689.25,1000,13048.5,140313.25,1533.5,70652,34680.25,80038,7930.25,812,440.25,928.25,0,13996.75,0,0,0,0,0,0
2019-12-28,220330,4266,6000,37013,0,4266,71125,1383,66722,37013,80809,0,727,700,28,0,4266,0,0,0,0,0,0
2019-12-29,226563,10180,6000,37013,0,10180,70826,1383,67321,37013,80809,0,727,700,28,0,10180,0,0,0,0,0,0
2019-12-30,221027,3633,7011,38022,1000,3633,72017,1383,68167,37013,80809,0,727,700,28,0,3633,0,0,0,0,0,0
2019-12-31,287505,12477,7011,30073,1000,8294,72210,1383,75910,29064,100425,29739,0,700,605,0,12477,0,0,0,0,0,0
2020-01-01,230488,8370,7011,30073,0,8370,92629,1640,40314,29064,79228,14869,914,600,2980,0,8370,0,0,0,0,0,0
2020-01-02,250227,18444,7011,30073,0,17111,97378,1640,70311,29064,69315,0,914,600,2980,0,18444,0,0,0,0,0,0
2020-01-03,211663,10201,7011,30073,1000,6408,78273,1640,60064,29064,59402,9913,917,600,806,0,10201,0,0,0,0,0,0
2020-01-04,205725,18444,37208,30073,1000,5571,110150,1640,79430,29064,59402,9913,917,600,2980,0,18444,0,0,0,0,0,0
2020-01-05,207571,8710,7011,30073,1000,8710,101876,1640,30168,29064,59402,9913,917,600,2980,0,8710,0,0,0,0,0,0
2020-01-06,268435,871,7011,38022,1000,871,112997,1640,47967,37013,79228,29739,917,600,806,0,871,0,0,0,0,0,0
2020-01-07,285838,7720,7011,38022,1000,7720,115447,1640,50979,37013,79228,34695,917,600,897,0,7720,0,0,0,0,0,0
2020-01-08,293594,0,7011,33021,1000,0,137766,1640,49426,32012,78079,29739,917,600,897,0,0,0,0,0,0,0,0
2020-01-09,279623,1899,7011,33021,1000,1899,123080,1640,60023,32012,77022,19826,917,600,897,0,1899,0,0,0,0,0,0
2020-01-10,222125,307,7011,33021,1000,307,112989,1640,46461,32012,64726,0,917,600,897,0,307,0,0,0,0,0,0
2020-01-11,246290,786,7011,33021,1000,786,118004,1640,63384,32012,66404,0,917,600,897,0,786,0,0,0,0,0,0
2020-01-12,247215,786,10541,33021,1000,786,136037,1640,48869,32012,67332,0,917,600,897,0,786,0,0,0,0,0,0
2020-01-13,276679,0,13968,39469,1000,0,135671,1640,49095,32012,78213,29363,877,600,897,0,0,0,0,0,0,0,0
2020-01-14,294059,0,31037,33021,1000,0,162377,1640,55722,32012,74022,28144,877,600,897,0,0,0,0,0,0,0,0
2020-01-15,290829,0,7011,33021,1000,0,136664,1640,67812,32012,68750,19826,877,600,897,0,0,0,0,0,0,0,0
2020-01-16,269391,0,7011,25438,1000,0,121636,1640,51268,24429,77349,22217,877,572,147,0,0,0,0,0,0,0,0
2020-01-17,297862,1977,7011,1009,1000,1977,92585,1640,89777,0,88912,24782,877,700,2861,0,1977,0,0,0,0,0,0
2020-01-18,298091,1977,6000,0,0,1977,104133,1640,77220,0,89141,24782,877,700,2861,0,1977,0,0,0,0,0,0
2020-01-19,298090,1977,6000,27274,0,1977,113632,1640,67719,27274,89141,24782,877,700,2861,0,1977,0,0,0,0,0,0
2020-01-20,248753,1977,9828,28283,1000,1977,110624,1640,40343,27274,79780,21753,877,572,147,0,1977,0,0,0,0,0,0
2020-01-21,262196,1977,27142,33021,1000,1977,146111,1640,35135,32012,78947,26401,877,700,68,0,1977,0,0,0,0,0,0
2020-01-22,3348324,0,7011,33283,1000,0,131033,1640,65215,32274,94097,24782,877,700,68,0,0,0,0,0,0,0,0
2020-01-23,227714,0,13168,33970,1000,0,121719,1640,61254,32961,79228,0,877,700,68,0,0,0,0,0,0,0,0
2020-01-24,277098,0,17077,33028,1000,0,151526,1640,49470,32019,89141,0,877,700,68,0,0,0,0,0,0,0,0
2020-01-25,267135,483.25,23648.75,33499,1000,483.25,149231.75,1640,56707.75,32490,86539,0,877,700,235.5,0,483.25,0,0,0,0,0,0
2020-01-26,276859,0,7011,33028,1000,0,134829,1640,56122,32019,89141,0,877,700,68,0,0,0,0,0,0,0,0
2020-01-27,286869,1933,57339,33970,1000,1933,188853,1640,59985,32961,88646,0,877,700,738,0,1933,0,0,0,0,0,0
2020-01-28,251369,1933,16006,33017,1000,1933,115140,1640,66721,32008,79228,0,877,700,451,0,1933,0,0,0,0,0,0
2020-01-29,246655,2900,16061,33017,1000,2900,113217,1640,57683,32008,84260,0,877,700,773,0,2900,0,0,0,0,0,0
2020-01-30,237505,5418,7011,33017,1000,5418,100112,1640,49719,32008,84659,0,877,700,773,0,5418,0,0,0,0,0,0
2020-01-31,234921,1977,7011,38018,1000,1977,93910,1654,61835,37009,79158,0,1077,681,1022,0,1977,0,0,0,0,0,0
2020-02-01,231977,1977,14010,45003,1000,1977,95986,0,67359,37009,84412,0,1077,539,984,0,1977,0,0,0,0,0,0
2020-02-02,244324,1977,53484,38018,1000,1977,145038,1654,60666,37009,84954,0,1077,681,1024,0,1977,0,0,0,0,0,0
2020-02-03,204863,0,116735,85777,1000,0,213944,1654,59424,37009,91893,0,1077,382,98,0,0,0,0,0,0,0,0
2020-02-04,116001,0,201293,83292,1000,0,223457,1654,65000,17087,64789,24782,1077,700,179,0,0,0,0,0,0,0,0
2020-02-05,179633,16304,158004,100209,1000,16304,209237,1654,62000,37013,107754,0,1077,700,179,0,16304,0,0,0,0,0,0
2020-02-06,230145,10874,63510,19477,1000,10874,153486,1654,61849,0,79488,0,1077,700,2218,0,10874,0,0,0,0,0,0
2020-02-07,249462,10874,22401,53381,1000,10874,125733,1654,56000,37014,87927,0,1077,700,2528,0,10874,0,0,0,0,0,0
2020-02-08,239549,10874,16624,47616,1000,10874,115220,1654,54999,37014,78031,0,1077,700,2528,0,10874,0,0,0,0,0,0
2020-02-09,247850,10874,80282,81106,1000,10874,186745,1654,78895,37014,87927,0,1077,700,2415,0,10874,0,0,0,0,0,0
2020-02-10,261620,0,27475,38922,1000,0,143093,1654,62040,37913,70085,17843,877,700,2528,0,0,0,0,0,0,0,0
2020-02-11,238455,0,55888,78106,1000,0,165346,1477,60180,37913,82971,16852,877,355,1056,0,0,0,0,0,0,0,0
2020-02-12,295216,0,13013,38922,1000,0,124779,1654,67551,37913,82344,24782,877,429,280,0,0,0,0,0,0,0,0
2020-02-13,298013,4943,7011,38922,1000,4943,122019,1654,67301,37913,86617,19826,877,700,772,0,4943,0,0,0,0,0,0
2020-02-14,297563,18367,7011,38922,1000,18367,130806,1654,62678,37913,87928,0,877,600,873,0,18367,0,0,0,0,0,0
2020-02-15,296636,18367,7011,38922,1000,18367,130806,1654,64497,37913,87003,0,877,600,873,0,18367,0,0,0,0,0,0
2020-02-16,297565,18367,7011,38922,1000,18367,128806,1654,64678,37913,91893,0,877,600,873,0,18367,0,0,0,0,0,0
2020-02-17,294586,18367,7011,38922,1000,18367,128806,1654,64676,37913,84954,0,877,600,873,0,18367,0,0,0,0,0,0
2020-02-18,242520,0,7011,38922,1000,0,97489,1654,70315,37913,76879,0,877,600,873,200,0,0,0,0,0,0,0
2020-02-19,260680,0,7011,38922,1000,0,112737,1654,63258,37913,86667,0,877,547,866,400,0,0,0,0,0,0,0
2020-02-20,284407,0,6000,37913,0,0,123855,1654,63308,37913,81248,16852,877,600,873,400,0,0,0,0,0,0,0
2020-02-21,275606,7274,7011,38410,1000,7274,117643,1654,65126,37401,87928,0,877,600,520,266,7274,0,0,0,0,0,0
2020-02-22,286967.5,5250.75,6758.25,38285.75,750,5250.75,119852.75,1654,64930,37529,87992.75,10904.25,877,625,658.25,233,5250.75,0,0,0,0,0,0
2020-02-23,275606,7274,7011,38410,1000,7274,123231,1654,59388,37401,87928,0,877,650,620,266,7274,0,0,0,0,0,0
2020-02-24,312251,6455,7011,38410,1000,6455,114682,1654,71898,37401,94867,26765,877,650,620,0,6455,0,0,0,0,0,0
2020-02-25,259515,0,7011,33410,1000,0,105101,1654,59115,32401,97841,0,877,650,620,0,0,0,0,0,0,0,0
2020-02-26,271904,0,7011,38410,1000,0,116483,1654,66624,37401,90995,0,1077,650,720,0,0,0,0,0,0,0,0
2020-02-27,239544,0,7011,33410,1000,0,93709,1654,59692,32401,88633,0,877,650,720,0,0,0,0,0,0,0,0
2020-02-28,248439,10874,6000,32401,0,10874,87947,1654,61946,32401,89128,0,877,650,720,0,10874,0,0,0,0,0,0
2020-02-29,254245,13040,7011,34359,1000,13040,92923,1682,61163,33350,89940,0,857,109,880,0,13040,0,0,0,0,0,0
2020-03-01,251938,10723,7011,34359,1000,10723,110967,1682,43546,33350,89940,0,857,109,470,0,10723,0,0,0,0,0,0
2020-03-02,270719,2525,7011,34359,1000,2525,117268,1682,57182,33350,94897,0,857,650,620,0,2525,0,0,0,0,0,0
2020-03-03,281321,5555,7011,34359,1000,6575,108751,1682,75162,33350,92884,0,857,650,1030,0,5555,0,0,0,0,0,0
2020-03-04,258551,0,7011,34359,1000,1341,118522,1682,58049,33350,83131,0,857,650,180,0,0,0,0,0,0,0,0
2020-03-05,266540.25,10610.75,7011,34339,1000,11201,101151.75,1682,68305,33330,87967.75,0,857,650,817.5,100,10610.75,0,0,0,0,0,0
2020-03-06,263145,18444,7011,34279,1000,18444,85848,1682,72824,33270,87928,0,857,650,1030,200,18444,0,0,0,0,0,0
2020-03-07,263144,18444,7011,34359,1000,18444,91486,1682,67185,33350,87928,0,857,650,1030,200,18444,0,0,0,0,0,0
2020-03-08,263144,18444,7011,34359,1000,18444,110217,1682,48453,33350,87928,0,857,650,1030,200,18444,0,0,0,0,0,0
2020-03-09,297674,23387,7011,34279,1000,23387,119472,1682,61752,33270,94867,0,857,650,1030,200,23387,0,0,0,0,0,0
2020-03-10,314664,22398,7011,33331,1000,22398,111875,1682,84276,32322,97871,0,857,650,1030,200,22398,0,0,0,0,0,0
2020-03-11,317644,20421,7011,33331,1000,20421,132770,1682,68330,32322,97871,0,857,650,1030,200,20421,0,0,0,0,0,0
2020-03-12,321963,18444,7011,38331,1000,18444,120845,1682,84589,37322,97871,0,857,650,2980,200,18444,0,0,0,0,0,0
2020-03-13,300443,20421,7011,37383,1000,20421,119517,1682,73085,36374,87958,0,857,650,2280,200,20421,0,0,0,0,0,0
2020-03-14,300443,20421,7011,37462,1000,20421,119595,1682,73006,36453,87958,0,857,650,2280,200,20421,0,0,0,0,0,0
2020-03-15,300442,20421,7011,37462,1000,20421,124423,1682,68259,36453,87958,0,857,650,2200,200,20421,0,0,0,0,0,0
2020-03-16,315587,21344,15011,37383,1000,21344,135741,1682,69412,36374,98138,0,379,650,2200,200,21344,0,0,0,0,0,0
2020-03-17,290969,18444,43831,52499,1000,18444,159935,1682,70437,35338,98138,0,379,650,200,200,18444,0,0,0,0,0,0
2020-03-18,271414,18444,7011,35398,1000,18444,105463,1682,70286,34389,80295,0,379,650,300,200,18444,0,0,0,0,0,0
2020-03-19,282478,23367,27595,35398,1000,23367,127992,1682,69455,34389,85252,0,379,650,300,200,23367,0,0,0,0,0,0
2020-03-20,243072,3859,7011,33018,1000,3859,99552,1682,58072,32009,84983,0,350,650,300,0,3859,0,0,0,0,0,0
2020-03-21,261026.75,11003.25,12991.25,33632.5,1000,11003.25,110363.25,1682,64705.25,32623.5,83811,0,357.25,650,300,50,11003.25,0,0,0,0,0,0
2020-03-22,246322,7627,7011,33096,1000,7627,104379,1682,52719,32087,84982,0,350,650,300,0,7627,0,0,0,0,0,0
2020-03-23,272235,9160,10348,33018,1000,9160,109530,1682,78575,32009,80027,0,350,650,300,0,9160,0,0,0,0,0,0
2020-03-24,253723,9048,7011,33966,1000,9048,111095,1682,51548,32957,84984,0,350,650,711,0,9048,0,0,0,0,0,0
2020-03-25,261354,17458,7011,33967,1000,17458,118497,1682,48041,32958,83001,1,349,650,300,0,17458,0,0,0,0,0,0
2020-03-26,240174,9217,7011,33967,1000,9217,111357,1682,46764,32958,78045,0,349,700,742,0,9217,0,0,0,0,0,0
2020-03-27,180262,9939,7011,31367,1000,9939,96005,1682,7999,30358,69391,0,349,700,742,0,9939,0,0,0,0,0,0
2020-03-28,177720,9936,7011,31367,1000,9936,91257,1682,10215,30358,69391,0,349,700,742,0,9936,0,0,0,0,0,0
2020-03-29,177783,18444,7011,31367,1000,9939,103838,1682,0,30358,69391,0,349,700,742,0,18444,0,0,0,0,0,0
2020-03-30,219155,16190,7011,32315,1000,16190,102707,1682,24188,31306,80025,0,0,679,127,0,16190,0,0,0,0,0,0
2020-03-31,231275,4833,7011,34010,1000,4833,93185,1852,59286,33001,77672,0,0,600,249,0,4833,0,0,0,0,0,0
2020-04-01,242459,10634,7011,31009,1000,10634,92751,1852,47863,30000,94173,0,0,600,976,0,10634,0,0,0,0,0,0
2020-04-02,230280,4016,7011,31009,1000,4016,99006,1852,45980,30000,84260,0,0,600,980,0,4016,0,0,0,0,0,0
2020-04-03,181369,11999,7011,34883,1000,11999,99082,1852,0,33874,72365,0,0,600,980,0,11999,0,0,0,0,0,0
2020-04-04,199397,13036,7011,34883,1000,13036,92433,1852,24623,33874,72365,0,0,600,980,0,13036,0,0,0,0,0,0
2020-04-05,199989,13036,7011,31009,1000,13036,99006,1852,18640,30000,72365,0,0,600,980,0,13036,0,0,0,0,0,0
2020-04-06,346299,9458,7011,31009,1000,9458,196366,1852,63311,30000,80295,0,0,600,476,0,9458,0,0,0,0,0,0
2020-04-07,308054,3671,26274,54173,1000,3671,209263,664,69318,33941,69391,0,0,0,296,0,3671,0,0,0,0,0,0
2020-04-08,336323,11878,28648,58026,1000,11878,214636,1383,84864,35425,71373,0,0,415,971,0,11878,0,0,0,0,0,0
2020-04-09,310150,2576,7011,36434,1000,2576,192781,1852,43368,35425,74347,0,0,600,786,0,2576,0,0,0,0,0,0
2020-04-10,313257,5464,7011,36434,1000,5464,186607,1852,49752,35425,74347,0,0,600,786,0,5464,0,0,0,0,0,0
2020-04-11,210159,6219,7011,36434,1000,6219,83401,1852,49414,35425,74347,0,0,600,786,0,6219,0,0,0,0,0,0
2020-04-12,204678,1485,7011,36434,1000,1485,84829,1852,47256,35425,74347,0,0,600,786,0,1485,0,0,0,0,0,0
2020-04-13,146454,9257,18011,33315,1000,9257,77102,1852,0,32306,74887,0,0,429,557,0,9257,0,0,0,0,0,0
2020-04-14,183968,4943,7011,36434,1000,4943,87776,1852,39679,35425,54971,0,0,600,826,0,4943,0,0,0,0,0,0
2020-04-15,222327,8929,7011,35896,1000,8909,86548,498,52039,34887,79304,0,0,600,826,0,8929,0,0,0,0,0,0
2020-04-16,231424,10170,7011,37748,1000,10177,81977,0,68746,36739,76330,0,0,0,593,0,10170,0,0,0,0,0,0
2020-04-17,235934,22660,7011,27541,1000,22660,80723,498,65476,26532,72365,0,0,555,834,0,22660,0,0,0,0,0,0
2020-04-18,194099,12993,7011,34537,1000,12993,80540,498,32821,33528,72365,0,0,555,834,0,12993,0,0,0,0,0,0
2020-04-19,226884,12993,7011,27541,1000,12993,85472,498,60576,26532,72365,0,0,555,834,0,12993,0,0,0,0,0,0
2020-04-20,158509,7839,7011,37383,1000,7839,81051,498,0,36374,74347,0,0,100,1289,0,7839,0,0,0,0,0,0
2020-04-21,128515,0,7011,35486,1000,0,77018,0,0,34477,57588,0,0,0,593,0,0,0,0,0,0,0,0
2020-04-22,150648,9052,7011,34950,1000,9052,80520,498,0,33941,66417,0,0,0,791,0,9052,0,0,0,0,0,0
2020-04-23,149846,7973,7011,34275,1000,7973,78819,498,0,33266,68399,0,0,0,791,0,7973,0,0,0,0,0,0
2020-04-24,143254,4833,7011,31672,1000,4833,79364,498,0,30663,64614,0,0,0,593,0,4833,0,0,0,0,0,0
2020-04-25,182989,7171.5,7011,33154.5,1000,7171.5,91236,498,17967.25,32145.5,71914,0,0,0,741.5,0,7171.5,0,0,0,0,0,0
2020-04-26,149240,9020,7011,33388,1000,9020,80138,498,0,32379,65426,0,0,0,791,0,9020,0,0,0,0,0,0
2020-04-27,289616,6860,7011,33283,1000,6860,126623,498,71869,32274,89217,0,0,0,791,0,6860,0,0,0,0,0,0
2020-04-28,282972,8081,7011,35283,1000,8081,130611,498,60036,34274,89217,0,0,0,791,0,8081,0,0,0,0,0,0
2020-04-29,286196,7578,7011,35283,1000,7578,131620,498,62942,34274,89217,0,0,0,593,0,7578,0,0,0,0,0,0
2020-04-30,275196,8426,7011,28283,1000,8426,128606,617,43919,27274,99130,0,0,0,797,0,8426,0,0,0,0,0,0
2020-05-01,208403,8454,7011,25184,1000,8454,120755,617,0,24175,84260,0,0,0,797,0,8454,0,0,0,0,0,0
2020-05-02,189269,8433,7011,25184,1000,8433,101760,617,0,24175,84199,0,0,0,797,0,8433,0,0,0,0,0,0
2020-05-03,206678,8454,7011,26283,1000,8454,126606,617,0,25274,76330,0,349,0,797,0,8454,0,0,0,0,0,0
2020-05-04,254324,7551,7011,35283,1000,7551,126106,617,36035,34274,89217,0,349,0,797,0,7551,0,0,0,0,0,0
2020-05-05,279150,17999,7011,38922,1000,17999,126897,617,39648,37913,99130,0,349,0,797,0,17999,0,0,0,0,0,0
2020-05-06,303967,18321,7011,38922,1000,18321,137841,617,43573,37913,109043,0,0,0,797,0,18321,0,0,0,0,0,0
2020-05-07,303967,18321,7011,38922,1000,18321,137841,617,43573,37913,109043,0,0,0,797,0,18321,0,0,0,0,0,0
2020-05-08,310470,4943,7011,38922,1000,6457,151645,617,55203,37913,102280,0,0,0,735,0,4943,0,0,0,0,0,0
2020-05-09,279284,13350,7011,33129,1000,13350,145852,617,38756,32120,86243,0,0,0,735,0,13350,0,0,0,0,0,0
2020-05-10,259204,13307,7011,33129,1000,13307,138253,617,26379,32120,86243,0,0,0,735,0,13307,0,0,0,0,0,0
2020-05-11,279284,13350,7011,33129,1000,13350,145852,617,38756,32120,86243,0,0,0,735,0,13350,0,0,0,0,0,0
2020-05-12,300728,8301,7011,38922,1000,8301,168739,617,29427,37913,99130,0,0,0,735,0,8301,0,0,0,0,0,0
2020-05-13,294453,5239,7011,37180,1000,5239,170354,617,24815,36171,99130,0,0,0,537,0,5239,0,0,0,0,0,0
2020-05-14,258789,481,7011,38125,1000,481,156503,617,22891,37116,84179,0,0,0,445,0,481,0,0,0,0,0,0
2020-05-15,228858,9647,7011,41172,1000,9647,136003,617,15102,40163,73356,0,0,0,537,0,9647,0,0,0,0,0,0
2020-05-16,215713,8322,7011,41172,1000,8322,121235,617,20069,40163,71373,0,0,0,537,0,8322,0,0,0,0,0,0
2020-05-17,195853,8322,7011,41172,1000,8322,116750,617,24554,40163,51547,0,0,0,537,0,8322,0,0,0,0,0,0
2020-05-18,225643,8322,7011,41172,1000,8322,136003,617,5301,40163,81286,0,0,0,537,0,8322,0,0,0,0,0,0
2020-05-19,227556,4509,7011,35226,1000,4509,134810,617,1412,34217,91753,0,349,0,537,0,4509,0,0,0,0,0,0
2020-05-20,248973,10295,7011,36174,1000,10295,134295,617,15078,35165,94173,0,349,0,537,0,10295,0,0,0,0,0,0
2020-05-21,230548,8461,7011,37121,1000,8461,142287,617,0,36112,84260,0,349,300,687,0,8461,0,0,0,0,0,0
2020-05-22,240848,8739,7011,42121,1000,8739,142378,617,0,41112,94173,0,349,300,687,0,8739,0,0,0,0,0,0
2020-05-23,190330,7507,37533,42762,1000,7507,136822,617,0,41753,81286,0,349,300,436,0,7507,0,0,0,0,0,0
2020-05-24,197329,7144,58640,60398.75,1000,7144,161908,617,17743.75,41592.75,84508,0,349,337.75,498.75,0,7144,0,0,0,0,0,0
2020-05-25,174119,6165,95988,71824,1000,6165,175384,617,28975,41753,86243,0,349,300,436,0,6165,0,0,0,0,0,0
2020-05-26,184019,6165,94028,84888,1000,6165,193048,617,42000,41753,76330,0,349,451,436,0,6165,0,0,0,0,0,0
2020-05-27,254144,9880,87011,37762,1000,9880,150143,617,59532,36753,99130,19826,349,451,436,0,9880,0,0,0,0,0,0
2020-05-28,271973,9373,57011,37762,1000,9373,160589,617,59022,36753,97337,0,349,451,436,0,9373,0,0,0,0,0,0
2020-05-29,271942,10341,47012,37762,1000,10341,166812,617,44981,36753,94173,0,349,451,436,0,10341,0,0,0,0,0,0
2020-05-30,316487,25083,7011,37762,1000,25083,162060,617,29585,36753,104086,0,349,451,436,0,25083,0,0,0,0,0,0
2020-05-31,316211,25083,7011,37762,1000,25083,171817,617,29453,36753,94173,0,349,451,436,0,25083,0,0,0,0,0,0
2020-06-01,379277,15646,7000,36753,0,15646,179804,1595,57582,36753,128223,0,689,500,1237,0,15646,0,0,0,0,0,0
2020-06-02,412854,30554,7000,41753,0,30554,184804,1595,58231,41753,119151,23296,689,500,985,0,30554,0,0,0,0,0,0
2020-06-03,443690,16142,7000,41753,0,16142,196906,1595,89216,41753,118956,24782,689,500,742,0,16142,0,0,0,0,0,0
2020-06-04,455528,16789,7000,41753,0,16789,218876,1595,66026,41753,118956,36678,689,500,1237,0,16789,0,0,0,0,0,0
2020-06-05,418330,16230,7000,41753,0,16230,224429,1595,40791,41753,128841,9913,689,500,1237,0,16230,0,0,0,0,0,0
2020-06-06,338928,12127,7000,39857,0,12127,168764,1595,36236,39857,118951,4956,689,500,1237,0,12127,0,0,0,0,0,0
2020-06-07,334080,12127,7000,39857,0,12127,200167,1595,0,39857,118951,4956,689,500,1237,0,12127,0,0,0,0,0,0
2020-06-08,354876,12127,7000,39857,0,12127,181715,1595,33678,39857,118951,4956,689,500,742,0,12127,6002,0,0,0,0,0
2020-06-09,392576,9234,21000,55724,0,9234,225668,1595,72185,41753,115818,0,689,500,742,0,9234,0,0,0,0,0,0
2020-06-10,421434,16999,7000,41753,0,16999,193808,1595,57609,41753,118925,36678,689,364,688,0,16999,0,0,0,0,0,0
2020-06-11,364942,10944,7000,41753,0,10944,179481,1595,61596,41753,115441,0,569,542,812,0,10944,0,0,0,0,0,0
2020-06-12,365402,11240,7000,41753,0,11240,173852,1595,69661,41753,113164,0,569,542,812,0,11240,0,0,0,0,0,0
2020-06-13,270734,13342,7000,39857,0,13342,145640,1595,26810,39857,79304,0,569,550,197,0,13342,9001,0,0,0,0,0
2020-06-14,270543,13342,7000,39857,0,13342,141153,1595,36309,39857,79304,0,569,550,2997,0,13342,1000,0,0,0,0,0
2020-06-15,285630,13342,7000,39857,0,13342,172384,1595,3069,39857,94173,0,569,550,1197,0,13342,5000,0,0,0,0,0
2020-06-16,352745,22412,7000,41753,0,22412,184710,1595,34922,41753,104030,0,569,600,167,0,22412,10000,0,0,0,0,0
2020-06-17,362920,18382,7000,41753,0,18284,186483,1595,34494,41753,118956,0,569,600,467,0,18382,10000,0,0,0,0,0
2020-06-18,373919,18444,7000,35752,0,10345,183333,1595,49241,35752,118956,0,569,600,467,0,18444,14828,0,0,0,0,0
2020-06-19,379526,8024,7000,35753,0,8315,180547,1595,60108,35753,118956,0,569,600,407,0,8024,14828,0,0,0,0,0
2020-06-20,298587,16025,7000,28253,0,16025,154270,1595,0,28253,118956,0,569,650,173,0,16025,13297,0,0,0,0,0
2020-06-21,341243.5,10219.75,7000,34501,0,10292.5,169791.25,1595,24525.5,34501,118956,6195.5,569,637.5,381.5,0,10219.75,14005.5,0,1081.5,0,0,0
2020-06-22,288038,6358,7000,32245,0,6358,154270,1595,0,32245,118956,0,569,650,173,0,6358,13297,0,0,0,0,0
2020-06-23,398823,10472,7000,41753,0,10472,190078,1595,37994,41753,118956,24782,569,650,773,0,10472,14600,0,4326,0,0,0
2020-06-24,397022,13635,11675,37117,0,13635,203086,1595,35769,32452,118956,0,569,650,773,0,13635,14600,0,22651,0,0,0
2020-06-25,403241,9950,7000,32452,0,9950,199121,1595,41004,32452,118956,0,569,650,973,0,9950,13701,0,22651,0,0,0
2020-06-26,439919,12719,7000,32452,0,12719,208870,1595,66524,32452,118956,0,350,650,823,0,12719,12600,0,22651,0,0,0
2020-06-27,366979,12190,7000,28253,0,12190,170378,1595,44969,28253,106645,0,350,650,973,0,12190,12600,0,22651,0,0,0
2020-06-28,366398,12190,7000,28253,0,12190,153284,1595,62062,28253,106065,0,350,650,973,0,12190,12600,0,22651,0,0,0
2020-06-29,369381,12190,7000,28253,0,12190,203619,1595,11728,28253,109043,0,350,678,946,0,12190,12600,0,4719,0,0,0
2020-06-30,414366,19595,7000,32452,0,19595,196779,1595,58065,32452,115507,0,350,678,946,0,19595,12600,0,14143,0,0,0
2020-07-01,318510,5931,62011,73377,1000,5931,229926,1662,53894,32452,111004,0,510,650,797,0,5931,15000,0,0,0,0,0
2020-07-02,318946,7515,62011,72736,1000,7515,226037,1662,43749,31811,123899,0,510,650,797,0,7515,15000,0,0,0,0,0
2020-07-03,328505,12504,47011,82678,1000,12504,220075,1662,46137,41753,113999,0,510,650,797,0,12504,15000,0,3039,0,0,0
2020-07-04,345957,12504,47011,82678,1000,12504,226659,1662,59992,41753,113999,0,510,650,797,0,12504,15000,0,0,0,0,0
2020-07-05,330146,7561,47011,82678,1000,7561,224617,1662,46137,41753,113895,0,510,650,797,0,7561,15000,0,5180,0,0,0
2020-07-06,333263,7561,47011,82678,1000,7561,226658,1662,46137,41753,113999,0,510,650,797,0,7561,15000,0,6144,0,0,0
2020-07-07,290978,16678,139014,106955,1000,16678,267727,1662,64000,41753,118956,0,510,650,797,0,16678,15000,0,7000,0,0,0
2020-07-08,269150,10903,139541,73651,1000,10903,243923,1662,40300,41753,123899,0,510,650,797,0,10903,15000,0,7000,0,0,0
2020-07-09,327575,18099,127195,86894,1000,18099,263864,1662,48361,41753,133784,0,510,650,747,0,18099,15000,0,15042,0,0,0
2020-07-10,357795,15654,114741,87897,1000,15654,267714,1662,45000,41753,125503,29739,510,650,747,0,15654,15000,0,14310,0,0,0
2020-07-11,299557,13596,156369,120998,1000,13596,296068,1662,78001,41753,110034,9913,510,650,747,0,13596,15000,0,12909,0,0,0
2020-07-12,315291,13545,138808,112973,1000,13545,278544,1662,70000,41753,110034,19826,510,650,747,0,13545,15000,0,12510,0,0,0
2020-07-13,315291,13545,158004,115981,1000,13545,297699,1662,72999,41753,110034,19826,510,650,747,0,13545,15000,0,12510,0,0,0
2020-07-14,407315,3599,83048,82882,1000,3599,276946,1662,43110,41753,128841,36678,510,650,747,0,3599,15950,0,20539,0,0,0
2020-07-15,402981,11426,64129,78914,1000,11426,271327,1662,62692,37785,118552,1983,434,650,747,0,11426,15950,0,20498,0,0,0
2020-07-16,367535,17273,62011,89711,1000,17273,269899,1662,65438,33817,104086,0,434,650,747,0,17273,15950,0,7029,0,0,0
2020-07-17,412671,17704,37011,64366,1000,17704,242653,1662,61976,33420,123899,0,434,650,747,0,17704,15950,0,12692,0,0,0
2020-07-18,401390,15018,35216,62972,1000,15018,242149,1662,48292,33817,128286,0,510,650,747,0,15018,15950,0,10271,0,0,0
2020-07-19,388851,15018,47150,74881,935,15018,238863,1662,63454,33817,127788,0,510,650,747,0,15018,15950,0,10238,0,0,0
2020-07-20,383855,13797,47141,75665,926,13797,255794,1662,46515,34610,123710,0,510,650,747,0,11668,15950,0,10549,0,0,0
2020-07-21,399504,18217,65825,82792,910,18217,262496,1662,54947,41753,130955,0,510,650,847,0,18217,17556,0,16302,0,0,0
2020-07-22,321455,13328,126216,92861,1000,13328,265585,1662,53033,41753,128233,0,510,650,847,0,13328,15900,0,16788,0,0,0
2020-07-23,378084,3309,76078,92761,1000,3309,278487,1662,53034,41753,132206,0,510,650,847,0,3309,15900,0,16261,0,0,0
2020-07-24,342890,19837,113322,82882,1000,19837,261784,1662,45000,41753,125862,0,510,650,847,0,19837,15900,0,16056,6986,0,0
2020-07-25,338450,22119,73531,63727,1000,22119,221348,1662,25418,41113,121922,0,510,650,647,0,22119,14500,0,16744,6984,0,0
2020-07-26,351306.5,14994.75,87952,79854.25,1000,14994.75,250689,1662,45907,41273,121554.75,0,510,600.25,697,0,14994.75,14865,0,15972.25,8178.5,0,0
2020-07-27,315033,13080,129398,102200,1000,13080,269117,1662,59898,41113,121922,0,510,650,647,0,13080,14530,0,14994,6254,0,0
2020-07-28,408853,4943,35557,70608,1000,4943,250507,1662,53312,41113,116513,0,510,451,647,0,4943,14530,0,16095,12490,0,0
2020-07-29,410873,8342,124706,99625,1000,8273,343394,1662,77747,40202,116393,0,510,451,647,0,8342,14530,0,16095,12771,0,0
2020-07-30,390304,28329,111884,80574,1000,13691,287065,1662,80001,40202,128841,29739,510,451,647,0,28329,14530,0,16063,13125,0,0
2020-07-31,476074,23387,19935,54108,1000,15749,251799,1662,72972,40202,118956,0,510,451,1847,0,23387,14530,0,16105,12969,0,0
2020-08-01,391136,20691,48000,77642,0,16858,266640,1511,70228,39703,104086,0,567,600,848,0,28329,15850,0,19001,12795,0,0
2020-08-02,379943,13242,48000,77642,0,13242,259042,1511,52778,39703,104062,0,567,600,848,0,13242,214,0,19001,12795,0,0
2020-08-03,391081,7005,48000,77642,0,7005,252131,1511,62176,39703,103281,0,567,600,848,0,7005,15850,0,19001,12795,0,0
2020-08-04,380252,16212,47215,37703,0,16212,217597,0,16861,37703,125213,0,567,600,848,0,16212,11630,0,18606,18229,0,0
2020-08-05,359222,17993,47211,77819,0,17993,208002,1511,39996,37703,133784,0,567,600,848,0,17993,16700,0,13012,12393,0,0
2020-08-06,298299,9885,25606,56259,0,9885,151242,1511,18500,37703,125212,0,567,600,848,0,9885,16700,0,8833,7706,0,0
2020-08-07,471873,19774,12811,37703,0,19774,212253,1511,61095,37703,133784,0,567,600,848,0,19774,16700,0,19135,17126,0,0
2020-08-08,416527,14431,7011,34752,0,14426,176198,1511,47038,34752,126864,0,567,600,848,0,14426,16700,0,19341,18333,0,0
2020-08-09,406265,15899,24111,58817,0,15899,192767,1511,41581,41753,118903,0,567,600,848,0,15899,16700,0,19341,18333,0,0
2020-08-10,415470,15683,24111,47817,0,15683,220603,1511,36555,30753,124565,0,567,650,798,0,15683,16700,0,19341,18333,0,0
2020-08-11,383733,17541,60783,37904,0,17541,220323,1294,13227,32752,129229,14869,591,650,798,0,17541,13260,0,19759,16998,0,0
2020-08-12,392815,19279,93284,68890,0,19279,253638,1511,56142,34342,133713,0,591,650,798,0,19279,16700,0,19479,16821,0,0
2020-08-13,421514,8564,68024,66932,0,8564,265924,1511,54087,27016,118956,24133,591,650,798,0,8564,16700,0,19427,16771,0,0
2020-08-14,376384,16612,189605,88524,0,16612,301762,1511,84000,34016,128956,36678,591,650,798,0,16612,12199,0,18855,16395,0,0
2020-08-15,462828,9885,78803,31886,0,9885,240199,1511,85000,23016,116278,43455,591,650,948,0,9885,15094,0,19015,16499,0,0
2020-08-16,414408,9885,94711,23016,0,9885,231329,1511,51413,23016,116053,44187,591,650,948,0,9885,15800,0,19015,16499,0,0
2020-08-17,462555,9885,178726,30874,0,9885,339988,1511,81000,26016,115867,42886,591,600,947,0,9885,15800,0,19015,16499,0,0
2020-08-18,307532,23281,386738,109262,0,23281,431105,1511,77386,36016,143956,37996,591,600,947,0,23281,15204,0,19354,13832,0,0
2020-08-19,333803,25648,249999,88941,0,29809,297692,1511,85000,38909,143956,29739,591,600,947,0,25648,11000,0,19271,13770,0,0
2020-08-20,277337,25525,270896,71679,0,25847,240635,1511,66362,78612,143956,20803,591,600,947,0,25525,8763,0,18928,13541,0,0
2020-08-21,375124,30875,207746,42029,0,30875,255528,1511,73852,38909,143956,33804,591,600,947,0,30875,15800,0,18742,13407,0,0
2020-08-22,469225,32284,96859,39858,0,24139,243857,1511,64382,39858,143956,32363,591,600,947,0,32284,16448,0,19178,13728,0,0
2020-08-23,456070.75,31396,121525.75,47455.5,0,29359.75,255764.75,1504.5,73239.75,38620.75,141456,37601.75,591,541.25,725,0,31396,12174,0,18962.5,13570,0,0
2020-08-24,491044,28801,106378,39858,0,28801,253356,1511,77165,39858,143956,39648,591,600,947,0,28801,16448,0,19178,13728,0,0
2020-08-25,488890,33624,75120,68077,0,33624,270318,1485,77560,35858,133956,44592,591,365,59,0,33624,0,0,18752,13417,0,0
2020-08-26,386063,19560,156397,39858,0,19560,248564,1511,82836,39858,109260,31934,591,600,947,0,19560,13121,0,18762,13437,0,0
2020-08-27,475811,24338,80032,35856,0,24338,256728,1511,76935,35856,108051,33529,591,600,947,0,24338,19000,0,18762,13437,0,0
2020-08-28,514275,24334,7011,35858,0,24334,228644,0,59750,35858,143956,29739,591,368,59,0,24334,0,0,18928,13551,0,0
2020-08-29,512239,26411,21585,53453,0,26411,251900,1,57202,38909,123956,49760,591,368,59,0,26411,14500,0,18342,13510,0,0
2020-08-30,506468,27123,21585,53453,0,27123,230595,0,60602,38909,123956,51526,591,360,103,0,27123,14500,0,18342,13510,0,0
2020-08-31,475845,26775,21585,53453,0,26775,250289,0,10760,38909,123956,51491,591,360,103,0,26775,14500,0,18342,13510,0,0
2020-09-01,510874,19947,43927,77706,1000,19947,305885,0,79999,39858,118956,39645,596,353,104,0,19947,0,0,12312,12312,0,0
2020-09-02,506940,17206,7011,36867,1000,17206,246051,0,70265,35858,118956,36241,596,353,104,0,17206,0,0,13312,9531,0,0
2020-09-03,508383,18449,7011,36867,1000,18449,224101,0,79696,35858,118956,39648,596,351,94,0,18449,0,0,18742,13426,0,0
2020-09-04,485994,25700,147499,124950,1000,25700,377869,1974,95000,33909,128956,50045,596,650,173,0,25700,10000,0,17913,12828,0,0
2020-09-05,475111,21002,117228,124840,1000,21002,338364,763,100000,33909,128956,48259,596,650,2973,0,21002,2214,0,16221,13961,0,0
2020-09-06,487398,21505,127629,135219,1000,21505,353417,1974,102458,33909,128956,48259,596,650,2973,0,21505,20600,0,18724,13401,0,0
2020-09-07,481477,20601,127629,135219,1000,20601,352182,1974,101506,33909,128956,48259,596,650,173,0,20601,20600,0,18716,13395,0,0
2020-09-08,488641.25,19847.25,67320,85305.75,1000,19847.25,288989.75,1974,85816.75,34146.25,123956,41971.75,596,650,2273,0,19847.25,20600,0,19474,13906.25,0,0
2020-09-09,508478,18920,7011,35867,1000,18920,230425,1974,73646,34858,118956,33704,596,650,2973,0,18920,20600,0,20041,14300,0,0
2020-09-10,477212,18363,7011,34918,1000,18363,219935,1974,65657,33909,118956,37665,596,650,2973,0,18363,20600,0,20415,14529,0,0
2020-09-11,437732,19169,7011,33970,1000,19169,160699,1974,73270,32961,118956,40252,530,650,2973,0,19169,10500,0,20436,14550,0,0
2020-09-12,429505,18444,7011,38022,1000,6292,152557,1974,70034,37013,118956,31722,530,650,964,0,18444,20500,0,20072,14292,0,0
2020-09-13,425958,8827,7011,38022,1000,5839,152557,1974,70034,37013,118956,31722,530,650,964,0,8827,20500,0,20072,14292,0,0
2020-09-14,425902,18444,7011,31021,1000,5784,171759,1974,50832,30012,118956,31722,530,650,964,0,18444,20500,0,20072,14292,0,0
2020-09-15,473192,7375,7011,31021,1000,7375,187667,1974,71412,30012,118956,34694,530,650,1273,0,7375,20500,0,19635,14300,0,0
2020-09-16,441474,0,7011,32184,1000,0,155590,1973,85751,31175,118778,27461,530,650,1865,0,0,20500,0,19822,14414,0,0
2020-09-17,461431,4673,7011,32783,1000,4673,185240,0,77531,31774,118956,35497,530,70,19,0,4673,10000,0,20113,14612,0,0
2020-09-18,464965,0,6338,36061,334,0,172999,0,91446,35724,116318,31722,530,299,1180,0,0,20462,0,20363,14768,0,0
2020-09-19,441619,12002,6965,38686,954,12002,225512,1974,30434,37723,102104,14869,530,650,2973,0,12002,20500,0,20796,15050,0,0
2020-09-20,461860,11924,6981,38702,970,11924,222021,1974,40345,37723,102104,14869,530,650,973,0,11924,20500,0,20796,15050,0,0
2020-09-21,441064,9926,6962,36693,964,10093,224758,1974,54658,35724,102104,14869,530,650,973,0,9926,20500,0,20796,15050,0,0
2020-09-22,494497,14464,6439,36260,434,14464,267335,0,57203,35822,109043,29739,530,351,94,0,14464,0,0,11493,9365,0,0
2020-09-23,478069,5931,7011,37677,1000,5931,258566,0,45020,36668,107965,27756,530,405,110,0,5931,1078,0,20445,16000,0,0
2020-09-24,508965,10200,6780,35779,771,10200,254609,0,49984,35001,118956,43015,530,351,94,0,10200,0,0,20675,16000,0,0
2020-09-25,473188,10054,8011,35008,1995,10054,234920,21,52711,33001,118956,24782,530,362,97,0,10054,215,0,21299,16000,0,0
2020-09-26,455138,20267,12110,36154,1592,20267,189049,1974,79583,34556,118956,24782,530,554,148,0,20267,0,0,17000,13200,0,0
2020-09-27,473100.5,14905.5,17571,40061.5,1842.25,14804,223728.5,992.25,60131.75,31889.25,125206,28646.75,530,554,547.75,0,14905.5,9060,0,17995.5,12976.25,0,0
2020-09-28,481867,20266,37360,56795,1713,20266,277313,1974,21744,30000,143956,24782,530,650,973,0,20266,20500,0,17000,13200,0,0
2020-09-29,482209,9035,12803,32289,2069,8629,193632,0,86489,30000,118956,40241,530,650,973,0,9035,15525,0,16683,9505,0,0
2020-09-30,439752,9395,12818,32304,2292,9395,227855,1974,12595,30000,123956,37143,530,650,973,0,9395,5640,0,19000,9500,0,0
2020-10-01,377294,14776,7011,31009,1000,14776,186991,1679,48617,30000,99130,29739,797,600,795,0,14776,200,0,0,0,0,0
2020-10-02,385294,13972,7011,47131,1000,14476,210975,0,42424,46122,104086,29739,797,600,795,0,13972,0,0,0,0,0,0
2020-10-03,368351,18444,7011,31009,1000,15407,160054,1679,74234,30000,118956,14869,797,600,795,0,18444,0,0,0,0,0,0
2020-10-04,378628,18444,7011,31009,1000,15407,173858,1679,58965,30000,118956,14869,797,600,795,0,18444,0,0,0,0,0,0
2020-10-05,378934,15405,7011,31009,1000,15405,201768,1679,30097,30000,118956,14869,797,600,795,0,15405,0,0,0,0,0,0
2020-10-06,373374,9063,7011,41815,1000,9063,227881,1678,12680,40806,118956,6962,797,600,795,0,9063,0,0,0,0,0,0
2020-10-07,371292,12248,7011,41441,1000,12248,234998,1679,2204,40432,118956,4956,797,700,796,0,12248,0,0,0,0,0,0
2020-10-08,396501,7128,7011,37652,1000,7128,236430,1679,32239,36643,118956,3741,797,700,796,0,7128,0,0,0,0,0,0
2020-10-09,376339,19741,7011,30769,1000,19741,211806,1679,23135,29760,118956,4956,797,700,594,0,19741,0,0,0,0,0,0
2020-10-10,342316,11429,7011,37006,1000,11429,180059,1679,24325,35997,118956,9913,797,700,594,0,11429,0,0,0,0,0,0
2020-10-11,342028,11428,7011,33010,1000,11428,166563,1679,37534,32001,118956,9913,797,700,594,0,11428,0,0,0,0,0,0
2020-10-12,320819,11322,7011,33010,1000,11322,184232,827,0,32001,118956,9913,797,700,273,0,11322,0,0,0,0,0,0
2020-10-13,376953,9543,47255,37010,1000,9543,237312,965,36487,36001,118956,17839,797,700,554,0,9543,0,0,0,0,0,0
2020-10-14,414339,9738,42122,39010,1000,9738,247077,1679,45983,38001,122241,26765,797,700,338,0,9738,0,0,0,0,0,0
2020-10-15,444730,22637,39711,37010,1000,22637,273579,1215,45367,36001,123715,14869,797,700,316,0,22637,0,0,0,0,0,0
2020-10-16,456392,25217,7011,37510,1000,25217,270906,1679,27752,36501,118956,15959,797,700,226,0,25217,0,0,0,0,0,0
2020-10-17,410321,21345,7011,9541,1000,21345,208536,0,31633,8532,118956,33660,797,607,749,0,21345,0,0,0,0,0,0
2020-10-18,404936,19413,7011,38902,1000,19413,167395,0,70517,37893,118956,33082,797,603,150,0,19413,0,0,0,0,0,0
2020-10-19,404859,19556,7011,39779,1000,19556,195291,1679,41346,38770,118956,32704,797,407,101,0,19556,0,0,0,0,0,0
2020-10-20,422480,9667,7011,39871,1000,9667,214947,1679,51580,38862,118176,28748,459,700,1008,0,9667,0,0,0,0,0,0
2020-10-21,423378,10874,7011,36010,1000,10874,199062,0,58671,35001,127878,30730,459,700,1008,0,10874,0,0,0,0,0,0
2020-10-22,374804,17198,7011,37010,1000,17198,173374,0,48483,36001,116142,23647,459,700,1008,0,17198,0,0,0,0,0,0
2020-10-23,375120,29318,7011,37010,1000,10874,182019,1679,35388,36001,117020,32111,459,700,1008,0,29318,0,0,0,0,0,0
2020-10-24,366522,9885,7011,34510,1000,9885,155510,1679,57088,33501,117254,29094,459,700,1008,0,9885,0,0,0,0,0,0
2020-10-25,361875,9885,7011,35510,1000,9885,174819,1679,36205,34501,117942,25351,459,700,1008,0,9885,0,0,0,0,0,0
2020-10-26,335441,2966,7011,35010,1000,2966,143321,1679,72161,34001,88270,30758,797,700,932,0,2966,0,0,0,0,0,0
2020-10-27,340196,17018,7011,35010,1000,17018,178527,1679,71243,34001,44608,30730,797,700,966,0,17018,0,0,0,0,0,0
2020-10-28,363361,316,7011,35010,1000,316,170745,1679,81780,34001,79304,32591,797,700,1498,0,316,0,0,0,0,0,0
2020-10-29,336946,15090,7011,39918,1000,15090,156659,1571,62541,38909,74347,30730,797,700,631,0,15090,0,0,0,0,0,0
2020-10-30,327848,9134,7011,39918,1000,9134,137665,1679,77445,38909,74347,30730,797,700,1498,0,9134,0,0,0,0,0,0
2020-10-31,333021.75,12096.25,7011,37214,1000,12096.25,140045.5,1834.5,63011.25,36205,89216.5,30730,609.75,625,1003.25,0,12096.25,0,0,0,0,0,0
2020-11-01,342844,17015,7011,34010,1000,17015,115808,2044,77809,33001,104086,30730,0,550,942,0,17015,0,0,0,0,0,0
2020-11-02,324449,7146,7011,35010,1000,7146,150050,2044,34250,34001,104086,30730,845,550,942,0,7146,0,0,0,0,0,0
2020-11-03,380502,7361,7011,37010,1000,7361,147411,2044,91603,36001,104086,32713,845,550,942,0,7361,0,0,0,0,0,0
2020-11-04,375626,13010,7011,38970,1000,13010,144615,2044,82865,37961,104086,32713,845,550,942,0,13010,0,0,0,0,0,0
2020-11-05,377812,6531,7011,39918,1000,6531,155059,2044,84049,38909,101112,32713,845,550,942,0,6531,0,0,0,0,0,0
2020-11-06,330662,10874,7011,39918,1000,10874,148041,2044,87231,38909,87338,0,780,360,112,0,10874,0,0,0,0,0,0
2020-11-07,359389,16743,7011,35510,1000,16743,118994,2044,91599,34501,101112,32713,780,550,942,0,16743,0,0,0,0,0,0
2020-11-08,345399.5,13199.75,7011,38089,1000,13199.75,133273.5,2044,79572,37080,97173,24247.25,780,502.5,734.75,0,13199.75,0,0,0,0,0,0
2020-11-09,352336,6858,7011,37010,1000,6858,144241,2044,69206,36001,101112,32713,780,550,942,0,6858,0,0,0,0,0,0
2020-11-10,339211,18324,7011,39918,1000,18324,121818,2044,70252,38909,99130,31563,780,550,943,0,18324,0,0,0,0,0,0
2020-11-11,342902,23387,7011,39918,1000,13473,112323,2044,80848,38909,102104,46948,780,550,943,0,23387,0,0,0,0,0,0
2020-11-12,350066,23387,7011,37010,1000,18819,96117,2044,95145,36001,101112,45587,780,550,943,0,23387,0,0,0,0,0,0
2020-11-13,347096,29318,7011,36010,1000,16770,103665,2044,94758,35001,99130,43607,780,550,943,0,29318,0,0,0,0,0,0
2020-11-14,310653,28329,7011,34010,1000,22302,92166,2044,76501,33001,99130,39648,780,550,943,0,28329,0,0,0,0,0,0
2020-11-15,309312,18444,7011,34010,1000,12491,96913,2044,63059,33001,99130,39648,780,550,943,0,18444,0,0,0,0,0,0
2020-11-16,318633,22376,26553,39918,1000,22376,104556,2044,63316,58410,99130,39648,780,550,943,0,22376,0,0,0,0,0,0
2020-11-17,294184,11016,28056,16009,1000,11016,96188,2044,75682,36001,74347,39542,780,443,402,0,11016,0,0,0,0,0,0
2020-11-18,300363,21687,29070,16009,1000,21687,112516,2044,54364,37013,89217,24782,660,550,782,0,21687,0,0,0,0,0,0
2020-11-19,326489,17872,30970,16009,1000,17872,136257,2044,60808,38909,89217,24473,660,550,782,0,17917,0,0,0,0,0,0
2020-11-20,359032,15833,30970,16009,1000,15833,140858,2044,79642,38909,74347,39648,660,550,930,0,15833,0,0,0,0,0,0
2020-11-21,353140,12089,23070,16009,1000,12089,126615,2044,96664,37013,74347,39648,349,550,930,0,12089,0,0,0,0,0,0
2020-11-22,354548,15050.75,20401,21512.5,1000,15050.75,141183.5,2044,80858.5,36859.25,74347,39614,426.75,536.5,926,0,15050.75,0,0,0,0,0,0
2020-11-23,350666,12098,7011,38023,1000,12098,158123,2044,68667,37014,74347,39648,349,550,930,0,12098,0,0,0,0,0,0
2020-11-24,355354,20183,20553,16009,1000,20183,139138,2044,78461,34501,74347,39512,349,496,914,0,20183,0,0,0,0,0,0
2020-11-25,367361,22259,7011,36010,1000,22259,156149,2044,77471,35001,74347,39305,349,548,929,0,22259,0,0,0,0,0,0
2020-11-26,326719,13590,7011,34510,1000,13590,143760,2044,70820,33501,65426,35058,349,698,1119,0,13590,0,0,0,0,0,0
2020-11-27,328048,13027,7011,35011,1000,13027,143489,2044,72734,34002,65426,35294,349,698,1128,0,13027,0,0,0,0,0,0
2020-11-28,314816,13589,7011,34010,1000,13589,133019,2044,70100,33001,65426,34667,349,698,1103,0,13589,0,0,0,0,0,0
2020-11-29,320346,16859,7011,34010,1000,16859,128243,2044,77091,33001,65426,34694,349,698,1105,0,16859,0,0,0,0,0,0
2020-11-30,295838,16829,7011,34010,1000,16829,143761,2044,37218,33001,65426,34646,349,698,1103,0,16829,0,0,0,0,0,0
2020-12-01,262623,6579,7011,35010,1000,6422,144230,0,31787,34001,71936,13437,529,400,161,0,6579,0,0,0,0,0,0
2020-12-02,279628,4572,7011,38279,1000,4628,139038,0,50299,37270,69391,21930,529,59,24,0,4572,0,0,0,0,0,0
2020-12-03,282550,9885,7011,39077,1000,9885,142887,0,50125,38068,72490,15507,877,449,901,0,9885,0,0,0,0,0,0
2020-12-04,252547.25,11820.75,7011,36719,1000,11857,124693.25,937.5,25106,35710,83052.75,14157.5,790,377,674.25,0,11820.75,0,0,0,0,0,0
2020-12-05,224354,16195,7011,34010,1000,16284,103623,1875,0,33001,95165,11901,877,500,874,0,16195,0,0,0,0,0,0
2020-12-06,223657,16631,7011,35510,1000,16631,113225,1875,0,34501,95165,7292,877,500,898,0,16631,0,0,0,0,0,0
2020-12-07,254494,11697,7011,38970,1000,11697,148997,1875,0,37961,95165,7260,877,500,898,0,11697,0,0,0,0,0,0
2020-12-08,249530,19985,7011,34010,1000,19967,131424,1875,0,33001,72365,28135,877,500,763,0,19985,0,0,0,0,0,0
2020-12-09,265670,16278,7011,38129,1000,16352,139745,1875,0,37120,74347,37406,877,600,884,0,16278,0,0,0,0,0,0
2020-12-10,271915,22438,7011,34010,1000,22438,155720,1875,0,33001,73356,22800,530,600,898,0,22438,0,0,0,0,0,0
2020-12-11,292503,17269,7011,34010,1000,17269,149119,1875,0,33001,99130,29739,877,600,177,0,17269,0,0,0,0,0,0
2020-12-12,314708,12939.5,11025.75,29634.75,1000,12961.75,129691.75,1910.5,55963,34129,88048,28827.5,508.5,612,978.75,0,12939.5,0,0,0,0,0,0
2020-12-13,315106.5,14606.44,10358.5,31635.63,1000,14606.44,139367.63,1910.5,48538.63,34715.56,88220,26737.75,527.94,608.63,984.25,0,14606.44,0,0,0,0,0,0
2020-12-14,309109.75,10897.5,7011,36503.25,1000,10897.5,148550.5,1910.5,44511.5,35494.25,80802,28078,593,612,965.75,0,10897.5,0,0,0,0,0,0
2020-12-15,301925.75,15941.25,10396.5,30009.75,1000,15897.5,148329.75,1399.5,45372.75,33876,65814,27953.5,638,524,701,0,15941.25,0,0,0,0,0,0
2020-12-16,319005,10856.25,7011,36857,1000,10888.75,151419.25,1399.5,52387.5,35848,74347.25,32808,638,476.75,833.75,0,10856.25,0,0,0,0,0,0
2020-12-17,304532.5,15250.75,7011,36878.75,1000,15250.75,149756.5,1372.5,45871.5,35869.75,71404.75,26023.75,638.25,611.75,887.25,0,15250.75,0,0,0,0,0,0
2020-12-18,300236.56,12812.69,7011,36414.5,1000,12821.75,138741.56,1633.88,43821.25,35405.5,80488.94,27480.13,703.25,593.75,869.31,0,12812.69,0,0,0,0,0,0
2020-12-19,296724.94,13704.94,8014.69,33717.19,1000,13732.75,126594.81,1916,47268.56,34084,84463.88,26531.38,586.06,608.75,989.75,0,13704.94,0,0,0,0,0,0
2020-12-20,300488.38,16277.86,7847.88,33791.41,1000,16277.86,124160.91,1968.38,50859.66,33804.64,88224.25,24863.44,438.48,589.16,982.31,0,16277.86,0,0,0,0,0,0
2020-12-21,295972.69,11642.38,7011,36123.31,1000,11642.38,147839.63,1968.38,28994.88,35114.31,86369.75,25178.5,666,590,977.19,0,11642.38,0,0,0,0,0,0
2020-12-22,298645.19,12466.56,7857.38,34009.94,1000,12411.88,142848.69,1329.63,42190.69,34219.75,78550.25,25559.63,722.25,493.5,641.75,0,12466.56,0,0,0,0,0,0
2020-12-23,309982.25,11179.06,7011,38058.75,1000,11219.69,143704.31,1329.63,46387.88,37049.75,80542.81,31214.25,722.25,421.44,670.94,0,11179.06,0,0,0,0,0,0
2020-12-24,309202.38,13526.19,7011,37470.94,1000,13526.19,150855.63,1322.88,45011.38,36461.94,79590.69,24260.94,722.56,552.69,907.06,0,13526.19,0,0,0,0,0,0
2020-12-25,293987.2,13194.11,7011,36765.38,1000,13205.44,140148.7,1622.59,39039.56,35756.38,87502.42,17844.16,787.56,482.69,458.14,0,13194.11,0,0,0,0,0,0
2020-12-26,298793.98,14895.61,8265.61,33217.98,1000,14930.38,119725.89,1936.38,48707.64,33928.75,92197.22,24993.22,687.89,567.69,946.13,0,14895.61,0,0,0,0,0,0
2020-12-27,296162.84,15178.76,8057.09,34756.51,1000,15178.76,127506.76,1949.47,44742.57,35025.3,92195.56,20785.11,655.86,550.07,899.83,0,15178.76,0,0,0,0,0,0
2020-12-28,302978.11,10273.72,7011,37151.64,1000,10273.72,147407.03,1949.47,35678.09,36142.64,90862.19,23307.38,729,563,945.73,0,10273.72,0,0,0,0,0,0
2020-12-29,297327.98,16679.2,8068.97,34486.92,1000,16650.09,136105.11,1662.03,39453.86,35001.44,78964.81,28302.78,754.31,516.88,762.19,0,16679.2,0,0,0,0,0,0
2020-12-30,309389.81,15425.08,7011,38240.69,1000,12983.36,136797.89,1662.03,44905.84,37231.69,82835.27,37094.06,754.31,512.05,832.92,0,15425.08,0,0,0,0,0,0
2020-12-31,308928.97,18650.48,7011,36342.42,1000,17508.48,138112.28,1653.59,46506.97,35333.42,81365.86,29667.92,667.7,578.61,908.83,0,18650.48,0,0,0,0,0,0
2021-01-01,308455.69,18148.45,7011,35799.97,1000,15016.55,132918.57,1793.87,44404.7,34790.97,91562.84,29667.57,786.95,556.61,611.86,0,18148.45,0,0,0,0,0,0
2021-01-02,272594,14388,7011,34184,1000,14388,80430,1402,87113,33175,94173,0,807,400,181,0,14388,0,0,0,0,0,0
2021-01-03,262449,24473,7011,34184,1000,24473,65411,1402,82205,33175,94173,0,807,400,908,0,24473,0,0,0,0,0,0
2021-01-04,281122,24273,7011,34184,1000,24273,104175,1402,61258,33175,94173,0,807,400,908,0,24273,0,0,0,0,0,0
2021-01-05,295246,20394,7011,34510,1000,20394,106544,1402,81943,33501,89217,0,807,301,864,0,20394,0,0,0,0,0,0
2021-01-06,303788,22221,7011,38022,1000,22221,105773,1402,70451,37013,108051,0,807,400,908,0,22221,0,0,0,0,0,0
2021-01-07,296142,21305,7011,29494,1000,21305,104840,1402,70617,28485,102104,0,807,400,908,0,21305,0,0,0,0,0,0
2021-01-08,309391,22723,7011,1009,1000,22723,83834,1402,86988,0,118956,0,807,121,781,0,22723,0,0,0,0,0,0
2021-01-09,250359,21267,7011,1009,1000,21267,81471,1402,65208,0,85252,0,807,400,908,0,21267,0,0,0,0,0,0
2021-01-10,252718,21267,7011,1009,1000,21267,86221,1402,62809,0,85252,0,807,400,908,0,21267,0,0,0,0,0,0
2021-01-11,238265,21267,7011,1009,1000,21267,114095,1402,20526,0,85252,0,807,599,908,0,21267,0,0,0,0,0,0
2021-01-12,292094,22203,7011,1009,1000,22203,111534,0,70493,0,93182,0,807,89,27,0,22203,0,0,0,0,0,0
2021-01-13,284490,10967,7011,1009,1000,10967,121893,1402,60004,0,94173,0,807,599,908,0,10967,0,0,0,0,0,0
2021-01-14,281228,18695,7011,1009,1000,18695,122197,1402,48737,0,94173,0,807,630,861,0,18695,0,0,0,0,0,0
2021-01-15,319249,22631,7011,1009,1000,22631,120295,1402,79794,0,99130,0,673,630,861,0,22631,0,0,0,0,0,0
2021-01-16,274072,17925,7011,1009,1000,18195,105982,1402,63401,0,89217,0,673,630,861,0,17925,0,0,0,0,0,0
2021-01-17,265153,8310,7011,1009,1000,8307,93636,1402,76743,0,89217,0,673,630,861,0,8310,0,0,0,0,0,0
2021-01-18,263161,8310,7011,1009,1000,8310,120225,1402,48165,0,89217,0,673,630,861,0,8310,0,0,0,0,0,0
2021-01-19,263161,8310,7011,1009,1000,8310,120225,1402,48165,0,89217,0,673,630,861,0,8310,0,0,0,0,0,0
2021-01-20,261996,1586,7011,1009,1000,1586,120212,1402,49711,0,93182,0,673,699,861,0,1586,0,0,0,0,0,0
2021-01-21,277151,0,7011,1009,1000,0,119990,1402,15068,0,90279,0,673,699,865,0,0,0,0,0,0,0,0
2021-01-22,298250,10748,12021,1009,1000,10748,119990,1402,84884,0,90208,0,673,699,865,0,10748,0,0,0,0,0,0
2021-01-23,273083,10874,7011,1009,1000,13786,105670,1402,73452,0,83253,0,673,699,865,0,10874,0,0,0,0,0,0
2021-01-24,258579,18444,7011,1009,1000,0,91423,1402,87699,0,84260,0,673,699,865,0,18444,0,0,0,0,0,0
2021-01-25,259137,0,7011,1009,1000,0,119913,1402,59604,0,84260,0,673,699,865,0,0,0,0,0,0,0,0
2021-01-26,310241,9885,12021,25906,1000,9885,144812,1402,80177,24897,82902,0,673,699,865,0,9885,0,0,0,0,0,0
2021-01-27,310241,9885,12021,25906,1000,9885,144812,1402,80177,24897,82902,0,673,699,865,0,9885,0,0,0,0,0,0
2021-01-28,305994,14828,12021,32466,1000,14828,134275,1402,64645,31457,99814,0,673,699,865,0,14828,0,0,0,0,0,0
2021-01-29,334655,14829,12021,32287,1000,14829,141696,1402,84502,31278,101112,0,673,699,865,0,14829,0,0,0,0,0,0
2021-01-30,260635,9740,7011,38022,1000,9740,123211,1402,62753,37013,81438,0,1097,699,865,0,9740,0,0,0,0,0,0
2021-01-31,261042,9740,7011,37966,1000,9740,96934,1402,89355,36957,81438,0,1097,699,865,0,9740,0,0,0,0,0,0
2021-02-01,277509,4351,12021,37073,1000,4351,104156,1257,80174,36064,96156,0,1097,700,906,0,4351,0,0,0,0,0,0
2021-02-02,277037,0,7011,38971,1000,0,127157,1257,77648,37962,74744,0,886,700,906,0,0,0,0,0,0,0,0
2021-02-03,262654,4877,7011,38971,1000,4877,125262,1257,57752,37962,77321,0,886,700,906,0,4877,0,0,0,0,0,0
2021-02-04,297095,52,7011,37073,1000,52,151855,1257,63392,36064,84260,0,886,700,906,0,52,0,0,0,0,0,0
2021-02-05,277296,18,7011,38971,1000,18,125262,1257,55429,37962,99130,0,886,700,906,0,18,0,0,0,0,0,0
2021-02-06,264588,9903,7011,38023,1000,9903,114705,1257,53332,37014,89217,0,886,700,906,0,9903,0,0,0,0,0,0
2021-02-07,254672,18,7011,38023,1000,18,105751,1257,62285,37014,89217,0,886,700,906,0,18,0,0,0,0,0,0
2021-02-08,252678,18,7011,38023,1000,18,134244,1257,31803,37014,89217,0,886,700,906,0,18,0,0,0,0,0,0
2021-02-09,276421,10874,36384,69230,1000,10874,155781,1257,64995,38909,107060,0,886,400,906,0,10874,0,0,0,0,0,0
2021-02-10,272323,0,39011,70903,1000,0,155754,1257,62563,37961,102104,0,886,400,996,0,0,0,0,0,0,0,0
2021-02-11,216417,4943,85619,104165,1000,4943,188819,1257,64999,37961,104086,0,886,400,996,0,4943,0,0,0,0,0,0
2021-02-12,122927,4943,402329,200783,136450,4943,373543,1257,63001,37961,105077,0,0,400,996,0,4943,0,0,0,0,0,0
2021-02-13,102204,14828,355169,138073,77652,14828,330842,1257,60000,33001,75323,0,640,202,977,0,14828,0,0,0,0,0,0
2021-02-14,82434,0,330840,138073,77652,0,306564,1257,60000,33001,75339,0,640,202,977,0,0,0,0,0,0,0,0
2021-02-15,81953,0,382369,183298,116743,0,386465,1257,65999,35001,69780,0,640,403,977,0,0,0,0,0,0,0,0
2021-02-16,56706,0,369505,168836,98323,0,334728,1257,70000,34001,55350,0,0,0,0,0,0,0,0,0,0,0,0
2021-02-17,35248,0,103655,2112,2100,0,96580,0,0,33001,34089,0,1097,0,0,0,0,0,0,0,0,0,0
2021-02-18,88542,0,7011,34010,1000,0,44163,0,0,33001,50077,0,1097,0,0,0,0,0,0,0,0,0,0
2021-02-19,216967,9896,7011,35129,1000,9896,140446,0,14154,34120,57793,0,1097,0,0,0,9896,0,0,0,0,0,0
2021-02-20,269471.2,15101.4,43432.7,36985.9,8665.2,14825.8,130223.8,1612.9,66481.5,27771.9,88237.5,12391,756.2,548,834.4,0,15101.4,0,0,0,0,0,0
2021-02-21,261724.55,12431.05,40732.9,37938.55,8665.2,9991.05,124431.4,1612.9,68177.65,28158.83,87945.9,11080.13,763.98,541.9,888.38,0,12431.05,0,0,0,0,0,0
2021-02-22,269168.9,8998.1,47002,44851.7,12574.3,8998.1,152509.5,1598.4,54819.2,31064,89255.7,11926.9,756.2,568.2,913.6,0,8998.1,0,0,0,0,0,0
2021-02-23,271709.1,11897.1,50157.4,44440.8,10732.3,11895.3,147781.5,1598.4,64732.3,31168.2,81867.9,13875.2,671.1,471.9,742.4,0,11897.1,0,0,0,0,0,0
2021-02-24,272254.6,12218,22582.3,30698.9,1110,11234,126912.6,1472.7,53333.7,31887.7,83766.4,14844.1,768.8,514.6,807.4,0,12218,0,0,0,0,0,0
2021-02-25,275653,11841.5,17768.7,35975.6,1000,11384.7,127579.6,1472.7,50549.4,30838,85973.1,12791.8,734.1,529.6,828.2,0,11846,0,0,0,0,0,0
2021-02-26,246224,0,7011,34010,1000,0,126761,1257,38378,33001,84164,0,349,403,1278,0,0,0,0,0,0,0,0
2021-02-27,239894.92,13572.04,46373.77,33715.09,9331.72,13232.98,123792.28,1446.49,62449.15,23781.49,74162.35,12635.4,633.72,504.6,833.14,0,13572.04,0,0,0,0,0,0
2021-02-28,245885,0,7011,27597,1000,0,87107,1257,77598,26588,84260,0,349,403,1278,0,0,0,0,0,0,0,0
2021-03-01,302185,0,7011,36010,1000,0,122208,1126,76582,35001,106397,0,349,700,1051,0,0,0,0,0,0,0,0
2021-03-02,330067,0,7011,34010,1000,0,120560,1126,104416,33001,108019,0,349,700,1051,0,0,0,0,0,0,0,0
2021-03-03,318819,60,7011,34010,1000,60,117711,1126,84181,33001,114990,4956,349,700,1051,0,60,0,0,0,0,0,0
2021-03-04,1142478,60,7011,34510,1000,60,118558,1126,95552,33501,114990,0,349,700,966,0,60,0,0,0,0,0,0
2021-03-05,312533,60,7011,38023,1000,30,123971,1126,78074,37014,113008,0,862,700,966,0,60,0,0,0,0,0,0
2021-03-06,297560,3026,7011,34010,1000,3026,95352,1126,108569,33001,88225,4956,862,700,966,0,3026,0,0,0,0,0,0
2021-03-07,253402,3002,7011,34010,1000,3002,95352,1126,64568,33001,88225,4956,862,700,966,0,3002,0,0,0,0,0,0
2021-03-08,263246,3026,7011,35011,1000,3026,117570,1126,52140,34002,88225,4956,862,700,966,0,3026,0,0,0,0,0,0
2021-03-09,340701,4819,7011,38022,1000,4819,128867,1126,90533,37013,104086,14868,862,700,966,0,4819,0,0,0,0,0,0
2021-03-10,339391,7478,7011,38022,1000,7478,136468,1126,74015,37013,109043,14869,862,700,966,0,7478,0,0,0,0,0,0
2021-03-11,335264,3039,7011,38022,1000,3039,124880,0,82269,37013,100121,29739,862,84,27,400,3039,0,0,0,0,0,0
2021-03-12,347563,6575,7011,38022,1000,6575,150275,1126,57969,37013,104086,30730,862,700,966,400,6575,0,0,0,0,0,0
2021-03-13,311445,9457,7011,38022,1000,9457,132531,1126,60855,37013,95165,15861,862,700,994,100,9457,0,0,0,0,0,0
2021-03-14,311444,9457,7011,38022,1000,9457,99076,1126,94308,37013,95165,15861,862,700,994,100,9457,0,0,0,0,0,0
2021-03-15,294613,7176,7011,38023,1000,7176,129419,1126,63738,37014,97147,0,349,700,994,200,7176,0,0,0,0,0,0
2021-03-16,299774,6188,7011,38022,1000,6188,144696,1126,52615,37013,99130,0,349,700,994,200,6188,0,0,0,0,0,0
2021-03-17,334303,6386,7011,38022,1000,6386,141314,1126,90701,37013,98138,0,862,700,994,200,6386,0,0,0,0,0,0
2021-03-18,318984,16271,7011,34010,1000,16271,122055,1126,82080,33001,101112,0,612,700,996,200,16271,0,0,0,0,0,0
2021-03-19,276276,13221,7011,33510,1000,13221,105211,1126,64446,32501,96156,0,612,700,996,100,13221,0,0,0,0,0,0
2021-03-20,946380,18444,7011,33514,1000,7414,100465,1126,75140,32505,96156,0,612,700,996,100,18444,0,0,0,0,0,0
2021-03-21,264484,7414,7011,34010,1000,7414,127553,1126,36154,33001,96156,0,612,700,996,100,7414,0,0,0,0,0,0
2021-03-22,304048,11265,7011,38970,1000,11265,132764,1126,66386,37961,96156,0,612,700,996,250,11265,0,0,0,0,0,0
2021-03-23,302790,12920,7011,38022,1000,12991,125920,1126,70095,37013,99115,0,612,900,996,250,12920,0,0,0,0,0,0
2021-03-24,281784,7973,7011,27009,1000,5416,116579,1126,59985,26000,99130,0,612,798,1327,250,7973,0,0,0,0,0,0
2021-03-25,314148,7816,7011,27009,1000,2025,118480,1126,104770,26000,91199,0,612,798,1327,250,7816,0,0,0,0,0,0
2021-03-26,280619,7457,7011,27009,1000,7457,123472,1126,57308,26000,96156,0,612,900,1356,250,7457,0,0,0,0,0,0
2021-03-27,289965,7457,7011,27009,1000,7457,113972,1126,76126,26000,96156,0,612,900,1356,250,7457,0,0,0,0,0,0
2021-03-28,258816,7457,7011,27009,1000,7457,118020,1126,39284,26000,96156,0,612,900,1356,250,7457,0,0,0,0,0,0
2021-03-29,297336,17,7011,36125,1000,17,128279,1126,71447,35116,99130,0,612,900,1656,400,17,0,0,0,0,0,0
2021-03-30,285881,0,7011,38023,1000,0,133334,1126,83168,37014,71313,0,612,701,1606,250,0,0,0,0,0,0,0
2021-03-31,261543,1794,7011,36125,1000,1794,127933,1259,93408,35116,0,40637,770,700,1055,250,1794,0,0,0,0,0,0
2021-04-01,273409,4963,7011,35179,1000,4963,217210,1259,53377,34170,0,0,770,700,1055,250,4963,0,0,0,0,0,0
2021-04-02,275834,4963,7011,35179,1000,4963,193467,1259,79538,34170,0,0,770,700,1055,250,4963,0,0,0,0,0,0
2021-04-03,276662,4963,7011,35179,1000,4963,188709,1259,85122,34170,0,0,770,700,1055,250,4963,0,0,0,0,0,0
2021-04-04,278527.75,5380.25,7011,35416,1000,5380.25,213842.75,1259,61430.75,34407,0,0,770,700,1055,250,5380.25,0,0,0,0,0,0
2021-04-05,264616,4963,7011,35179,1000,4963,236204,1259,25617,34170,0,0,770,700,1055,250,4963,0,0,0,0,0,0
2021-04-06,296999,6632,7011,36127,1000,6632,236991,1259,55446,35118,0,0,770,700,1055,250,6632,0,0,0,0,0,0
2021-04-07,280810,3561,7011,38024,1000,3561,217366,1259,44032,37015,0,17843,770,700,1055,400,3561,0,0,0,0,0,0
2021-04-08,272583,2,7011,38024,1000,2,226787,1259,32097,37015,0,15861,770,700,1055,250,2,0,0,0,0,0,0
2021-04-09,313172,0,7011,38024,1000,0,234240,1259,54986,37015,0,25774,997,700,1055,250,0,0,0,0,0,0,0
2021-04-10,314878,0,7011,38024,1000,0,196345,1259,73887,37015,19071,27756,770,700,1001,200,0,0,0,0,0,0,0
2021-04-11,290803,0,7011,38022,1000,0,201876,1259,58450,37013,32713,0,770,700,1001,200,0,0,0,0,0,0,0
2021-04-12,313269,0,7011,38024,1000,0,201355,1259,68102,37015,18241,27756,770,700,1001,200,0,0,0,0,0,0,0
2021-04-13,307769,54,7011,38024,1000,54,180063,0,72923,37015,35687,25774,770,390,1000,400,54,0,0,0,0,0,0
2021-04-14,327222,54,7011,38024,1000,54,191848,1259,82610,37015,33704,26765,770,700,1078,400,54,0,0,0,0,0,0
2021-04-15,330428,3216,7011,38024,1000,3216,186637,0,81873,37015,32713,29739,580,77,20,400,3216,0,0,0,0,0,0
2021-04-16,347659,6177,7011,38024,1000,6177,196597,1259,83458,37015,33704,29739,580,700,1078,400,6177,0,0,0,0,0,0
2021-04-17,320627,5387,7011,37076,1000,5310,186242,1259,66419,36067,34695,29739,580,700,728,400,5387,0,0,0,0,0,0
2021-04-18,312498,5387,7011,37073,1000,5387,156275,1259,88876,36064,34695,29739,580,700,728,400,5387,0,0,0,0,0,0
2021-04-19,310418,4796,7011,37073,1000,5387,171444,1259,72224,36064,34695,29739,580,700,728,400,4796,0,0,0,0,0,0
2021-04-20,292254,10924,7011,38024,1000,10924,187763,0,35147,37015,33704,29739,580,77,20,500,10924,0,0,0,0,0,0
2021-04-21,299077,9437,7011,37850,1000,9437,197199,1259,33330,36841,34755,26765,580,700,728,500,9437,0,0,0,0,0,0
2021-04-22,299028,9885,7011,37850,1000,9885,192189,1259,33945,36841,36675,28748,580,700,728,500,9885,0,0,0,0,0,0
2021-04-23,281437,0,7011,37850,1000,0,197194,1259,24608,36841,33350,28748,580,700,728,500,0,0,0,0,0,0,0
2021-04-24,317449,23387,7011,37076,1000,4785,175612,1259,57857,36067,33704,29244,580,700,728,500,23387,0,0,0,0,0,0
2021-04-25,275706,4943,7011,33236,1000,4943,171731,1259,41576,32227,30698,29244,580,693,727,500,4943,0,0,0,0,0,0
2021-04-26,272067,4943,7011,37076,1000,4943,175556,1259,35309,36067,29513,29244,580,691,726,500,4943,0,0,0,0,0,0
2021-04-27,342034,9692,7011,36850,1000,9692,196107,1259,77263,35841,33704,27756,580,692,728,300,9692,0,0,0,0,0,0
2021-04-28,324696,12068,7011,37846,1000,12068,187278,1259,58501,36837,41634,27756,580,700,728,300,12068,0,0,0,0,0,0
2021-04-29,336397,13052,7011,35865,1000,13052,194026,1259,70355,34856,33704,27756,580,700,728,300,13052,25922,0,0,0,0,0
2021-04-30,330485,12361,7011,36350,1000,12361,194510,1259,66648,35341,54521,4956,580,700,728,300,12361,0,0,0,0,0,0
2021-05-01,311307,10226,7011,32006,1000,10226,156194,1383,80055,30997,66417,0,729,674,1170,300,10226,0,0,0,0,0,0
2021-05-02,311533,10275,7011,32006,1000,10275,137650,1383,97803,30997,66417,0,729,700,1177,300,10275,0,1246,0,0,0,0
2021-05-03,318833,16082,7011,34010,1000,16082,168144,1383,69364,33001,66417,0,729,700,1177,300,16082,0,662,0,0,0,0
2021-05-04,343379,11067,7011,34006,1000,11067,160695,1383,89445,32997,83269,0,729,700,1177,0,11067,0,1245,0,0,0,0
2021-05-05,315397,10016,7011,34006,1000,10016,149299,1383,73436,32997,83269,0,729,700,1177,300,10016,0,1244,0,0,0,0
2021-05-06,347436,9993,7011,36010,1000,9993,165546,1383,90095,35001,82278,0,729,700,1177,350,9993,0,1244,0,0,0,0
2021-05-07,326780,0,7011,36010,1000,0,165546,1383,64847,35001,97562,0,729,700,1177,300,0,0,676,0,0,0,0
2021-05-08,334426,8686,7011,39914,1000,8785,159805,1383,65019,38905,102105,0,729,700,1177,200,8686,0,676,0,0,0,0
2021-05-09,335495,8687,7011,39914,1000,8687,155058,1383,70902,38905,102105,0,729,700,1177,200,8687,0,676,0,0,0,0
2021-05-10,332410,8785,7011,39918,1000,8785,174053,1383,48732,38909,102105,0,729,700,1177,200,8785,0,676,0,0,0,0
2021-05-11,318394,16596,7011,35010,1000,16596,153807,1383,46746,34001,104087,0,729,700,177,200,16596,0,143,0,0,0,0
2021-05-12,357975,16101,7011,33010,1000,16101,147888,1383,97140,32001,99131,0,523,700,957,200,16101,0,0,0,0,0,0
2021-05-13,221878,9649,7011,34010,1000,9649,131216,0,0,33001,86646,0,523,68,17,200,9649,0,0,0,0,0,0
2021-05-14,324500,10675,7011,39918,1000,10675,169028,1383,40578,38909,106069,0,1100,676,951,200,10675,0,0,0,0,0,0
2021-05-15,354530,13432,6211,34212,209,13432,149020,1383,92795,34001,100121,0,523,700,957,200,13432,0,662,0,0,0,0
2021-05-16,335037,13432,6000,34001,0,13432,129817,1383,88692,34001,100121,0,523,700,957,200,13432,0,4323,0,0,0,0
2021-05-17,351901,14815,6000,35500,0,14815,164553,1383,67010,35500,100121,0,523,700,957,200,14815,0,6698,0,0,0,0
2021-05-18,341399,3069,6000,38909,0,3069,168157,1383,68210,38909,103095,0,523,700,957,401,3069,0,0,0,0,0,0
2021-05-19,344530,9885,7011,38909,0,9885,172904,1383,74247,38909,89758,0,523,700,957,250,9885,0,0,0,0,0,0
2021-05-20,321003,0,7011,38909,0,0,172904,1383,56874,38909,91040,0,523,700,957,401,0,0,2371,0,0,0,0
2021-05-21,336777,224,7011,25639,0,224,159288,1383,70606,25639,100121,0,523,700,1160,250,224,0,8636,0,0,0,0
2021-05-22,295094,0,7011,11175,0,0,131719,1383,64151,11175,93989,0,523,700,1427,250,0,0,7183,0,0,0,0
2021-05-23,274376,27,7011,36001,0,27,113803,1383,70725,36001,86243,0,523,700,1427,250,27,0,5578,0,0,0,0
2021-05-24,298859,18444,8022,37010,0,0,157548,1383,46355,36001,96156,0,523,700,1427,250,18444,0,5578,0,0,0,0
2021-05-25,359750,14544,7011,33175,0,14544,187187,1383,53184,33175,102104,0,348,700,1427,400,14544,0,4521,0,0,0,0
2021-05-26,357001,4686,7011,33998,0,4686,173680,1383,80257,33998,94173,0,348,700,1427,300,4686,0,6094,0,0,0,0
2021-05-27,325999,0,7011,34997,0,0,174679,1383,51134,34997,96156,0,348,700,1427,400,0,0,5914,0,0,0,0
2021-05-28,319549,8430,7011,34997,0,8430,174570,1383,37168,34997,102104,0,348,700,1427,199,8430,0,2749,0,0,0,0
2021-05-29,310031,18108,7011,34997,0,18108,136581,1383,28898,34997,102104,0,348,700,1427,200,18108,2000,15259,9000,0,0,0
2021-05-30,301540,8430,7011,34997,0,8430,127085,1383,61993,34997,102104,0,348,700,1427,200,8430,4200,0,0,0,0,0
2021-05-31,378872,18315,7011,34997,0,18315,174570,1383,63315,34997,102104,0,348,700,1427,200,18315,8400,8293,5808,0,0,0
2021-06-01,450147,2920,7011,34997,0,2920,173853,0,111198,34997,106691,5948,641,650,1080,350,2920,2000,28035,19373,2351,848,0
2021-06-02,414529,14544,7011,37957,0,10901,158063,1356,53519,37957,103095,21809,877,650,1080,350,14544,17302,28035,19162,0,600,0
2021-06-03,450169,4943,7011,36961,0,4943,180806,407,88486,36961,94173,19826,877,650,1080,350,4943,17302,28035,19027,350,600,0
2021-06-04,484669,0,7011,40801,0,0,208649,0,58870,40801,117304,14869,877,650,130,0,0,17302,28035,18745,16850,8100,0
2021-06-05,439460,0,7011,38913,0,0,175768,0,98216,38913,112017,0,641,700,80,0,0,8000,28035,19352,2000,0,0
2021-06-06,422846,9678,7011,38913,0,9678,156774,0,87180,38913,112017,0,641,700,80,0,9678,12000,28035,19614,2000,0,0
2021-06-07,446503,9678,7011,38913,0,9678,194764,0,66973,38913,112017,0,641,700,80,0,9678,17302,28035,19614,2000,500,0
2021-06-08,435936,10874,7011,39858,0,10874,162500,0,78576,39858,118956,0,641,700,80,0,10874,17302,28035,19614,2000,2500,0
2021-06-09,426535,9276,7011,39858,0,9276,157752,0,44945,39858,116973,0,641,700,80,0,9276,17302,28035,19614,16850,20234,0
2021-06-10,489125,19355,7011,39417,0,19355,162658,0,93557,39417,115982,0,452,700,80,0,19355,17302,28035,19597,19120,17965,0
2021-06-11,471056,12356,7011,39858,0,12356,162657,0,79556,39858,118956,0,452,700,80,0,12356,17302,28035,19614,19120,17965,0
2021-06-12,480727,20529,7011,37270,0,20529,150035,0,77575,37270,112018,19826,452,700,80,0,20529,17302,28035,19614,19120,17965,0
2021-06-13,475213,14827,7011,37270,0,14827,137688,0,85406,37270,112018,19826,452,700,80,0,14827,17302,28035,19614,19120,17965,0
2021-06-14,493284,9884,7011,37270,0,9884,169030,0,66464,37270,112018,19826,452,700,80,0,9884,17302,28035,19614,19120,17965,0
2021-06-15,476097,0,7011,38219,0,0,187065,0,0,38219,134432,49546,452,700,80,0,0,17302,28035,19614,19120,17964,0
2021-06-16,507335,4449,7011,34501,0,4449,201366,0,35172,34501,118956,46576,452,700,80,250,4449,17302,28035,19614,19120,17964,13440
2021-06-17,493161,11383,47011,76617,0,10920,256253,0,68848,36701,118956,22774,877,700,80,0,11383,17302,28035,19614,16850,20235,10000
2021-06-18,493660,8620,37011,66638,0,8620,236805,0,40479,36701,118956,24782,880,700,80,0,8620,17302,28035,19614,18969,20235,23200
2021-06-19,485140,17794,43015,79491,5000,17794,223168,0,66754,37667,118956,3965,452,0,0,0,17794,19102,28035,19819,19120,20235,23200
2021-06-20,480911.33,17794,41013.67,75206.67,5000,14736,234953.67,452,44685,37345,118956,10904,594.67,466.67,293,270,17794,18502,28035,19750.67,19069.67,20235,23200
2021-06-21,463934,17794,43015,79491,5000,17794,244888,1356,26822,37667,118956,3965,452,700,799,810,17794,19102,28035,19819,19120,20235,23200
2021-06-22,486424,11819,7011,44511,5000,11819,211431,0,0,38616,118956,16852,877,700,80,0,11819,19102,28035,19819,19120,20235,23200
2021-06-23,476281,11631,7011,42619,5000,11631,195221,0,23399,36724,118956,3965,877,700,80,0,11631,17302,28035,19820,16850,20235,23200
2021-06-24,505124,4838,7011,42619,5000,4838,180982,0,68294,36724,117008,14848,869,700,80,0,4838,17302,24169,19819,16850,20235,23200
2021-06-25,511393,16714,7011,38896,5000,16714,177172,0,65702,33001,117923,14848,763,700,80,0,16714,17302,24169,19820,16850,20235,23200
2021-06-26,517270,21750,7011,38896,5000,21750,186770,0,56267,33001,118956,14659,349,700,80,0,21750,17302,24169,19820,17000,20235,23200
2021-06-27,515854,21750,7011,38896,5000,21750,177272,0,66426,33001,118956,12665,349,700,80,0,21750,17302,24169,19820,17000,20235,23200
2021-06-28,511421,11105,7011,38896,5000,11105,200894,0,41604,33001,118956,21084,349,700,80,0,11105,17302,24169,19820,17000,20235,23200
2021-06-29,478670,4943,7011,38896,5000,4943,186952,0,20189,33001,114333,31560,349,100,499,0,4943,17302,24168,19820,19120,20235,23200
2021-06-30,502633,21705,7011,38896,5000,21705,186951,0,44403,33001,118956,11593,877,100,499,0,21705,17302,24169,19820,16850,20235,23200
2021-07-01,500726,10874,12543,41669,4500,10874,190842,0,47347,35774,118956,14691,770,594,1427,0,10874,17302,28035,19614,16850,20234,23200
2021-07-02,508377,19168,12543,41570,4500,19168,190742,0,50159,35675,118956,14656,715,594,2039,0,19168,17302,24169,19614,16850,20234,23200
2021-07-03,521668,19223,22394,51401,4500,19223,202369,0,73647,35675,118956,11696,784,594,243,0,19223,18503,24169,19819,19100,19035,23200
2021-07-04,507764,33272,12543,41570,4500,16281,192539,0,73386,35675,118956,6705,784,594,263,0,33272,18503,24169,19819,19100,19035,23200
2021-07-05,505798,33272,12543,41570,4500,14895,192539,0,69918,35675,118671,0,784,594,263,0,33272,18503,24169,19819,19100,19035,23200
2021-07-06,500114,13631,9035,41570,4500,13631,189102,0,47865,35675,118956,11696,784,594,150,0,13631,18503,24169,19819,19100,19035,23200
2021-07-07,499939,9248,9442,39302,4500,9248,189543,0,45608,33001,118956,21577,349,594,150,405,9248,20002,24169,19820,19100,19034,23200
2021-07-08,471054,4943,9297,39157,4500,10204,178631,0,8411,33001,117415,35553,349,594,150,260,4943,20002,24169,19820,19100,19034,23200
2021-07-09,555789,28329,88936,118629,6300,18146,285184,0,80586,33001,118956,35553,349,594,1965,380,28329,20002,24169,19820,19100,19034,23200
2021-07-10,507285,18081,82588,112294,6300,18081,274012,0,83558,33001,118956,39547,349,650,1979,395,18081,20302,23396,19820,19100,19234,23200
2021-07-11,445291,28122,10844,40701,6300,18081,191022,0,34890,33001,118956,43540,349,650,1999,0,28122,20302,23396,19820,19100,19234,23200
2021-07-12,504320,18081,59278,89034,6300,18081,255219,0,41373,33001,118956,47533,349,550,1945,405,18081,20302,23396,19820,19100,19234,23200
2021-07-13,520488,16961,49247,79024,6300,16961,263961,0,38310,33001,118436,39547,349,550,1945,225,16961,20302,23396,19819,19100,19234,23200
2021-07-14,483806,19277,75809,103129,6300,19277,293871,0,40266,31001,118956,21577,349,550,1950,405,19277,19502,23396,19820,19100,19235,23200
2021-07-15,483087,0,11507,38962,6300,0,214384,0,12007,31001,116244,24447,349,550,1950,260,0,19502,24169,19820,19100,19234,20199
2021-07-16,515934,17869,26404,55828,6300,17869,239760,0,33231,33001,118956,16586,349,550,1950,380,17869,19502,24169,19820,19100,19234,23200
2021-07-17,501477,8150,9354,39716,6300,8403,231902,0,0,33001,118956,16627,349,550,1950,395,8150,19502,28035,19820,19120,18114,23200
2021-07-18,502075,8403,8957,39320,6300,8403,237039,0,0,33001,118956,11636,349,550,1950,0,8403,19502,28035,19820,19120,18114,23200
2021-07-19,499489,8403,9364,39726,6300,8403,200291,0,0,33001,118956,46576,349,550,1950,405,8403,19502,28035,19820,19120,18114,23200
2021-07-20,498715,7908,70020,101753,6300,7908,275946,0,45638,35001,118956,46535,349,550,1950,225,7908,19302,28034,19820,19120,20234,20700
2021-07-21,433519,0,75903,107624,6300,0,286482,0,8651,35001,111612,34561,349,550,1950,405,0,19502,28035,19820,19120,20234,20700
2021-07-22,478314,17631,80000,111310,6300,17631,290357,0,24723,35001,118956,41543,349,550,1950,560,17631,19502,28035,20233,19120,20234,20700
2021-07-23,524924,10381,80001,111312,6300,10381,297122,0,71622,35001,118956,41543,349,550,1950,560,10381,19502,28035,20234,19120,20234,20700
2021-07-24,525541,16690,62999,94747,6300,16690,270425,0,68583,35001,118956,38548,349,700,2049,560,16690,18302,23535,20234,19120,20235,19699
2021-07-25,525488.5,16690,63004,94752,6300,16690,270435,0,66038,35001,118956,41044,349,700,2049,560,16690,18302,23535,20234,19120,20235,19699
2021-07-26,525436,16690,63009,94757,6300,16690,270445,0,63493,35001,118956,43540,349,700,2049,560,16690,18302,23535,20234,19120,20235,19699
2021-07-27,513149,0,85402,117074,6300,0,297733,0,84117,35374,117456,43540,349,700,2049,560,0,5000,25035,20235,19120,20234,19700
2021-07-28,515042,0,57501,90533,6300,0,247629,0,88289,36675,115162,40545,349,700,2049,560,0,17302,24035,20234,19120,20234,19700
2021-07-29,517643,16902,84500,118215,6300,16698,302263,0,79800,37013,113534,39547,349,700,2516,560,16902,10000,24035,21234,19120,20234,23200
2021-07-30,514430,2917,80000,109310,6300,2109,285375,0,75357,33001,118956,51526,349,700,3043,560,2917,17302,28035,19614,16850,20234,23200
2021-07-31,517808,10874,79613,109325,6300,10874,284009,0,83700,33001,117674,41543,349,700,3044,560,10874,17302,28035,19614,16850,20234,23200
2021-08-01,489676,29089,39244,71062,4700,19618,208360,0,62427,33001,118956,24572,572,550,1040,560,29089,15182,28434,21234,19120,20234,23201
2021-08-02,494595,18134,82901,114627,6501,18134,276618,0,74350,33001,118956,31678,572,550,1040,560,18134,15182,28434,21234,19120,20234,23200
2021-08-03,497032,19220,80022,111753,6501,19220,289889,1796,46852,33001,118956,38326,783,550,1040,560,19220,15182,28434,21234,19120,20234,23200
2021-08-04,513832,11391,70054,101406,6501,11391,265694,1796,79876,33001,118956,32539,349,550,1040,560,11391,17302,28035,21234,19120,20234,23200
2021-08-05,482136,19220,80082,111413,6501,19220,279504,1796,47014,33001,118956,30562,349,550,1040,560,19220,17302,28035,22854,19120,20234,23200
2021-08-06,477356,18232,84932,116253,6501,18232,294789,1796,38565,33001,118956,29564,349,550,1040,560,18232,17302,28035,22854,19120,20234,23200
2021-08-07,526274,21790,21780,57407,6501,21790,197555,1796,81818,36774,118956,4665,349,550,1040,560,21790,17302,28035,21234,19120,20234,23200
2021-08-08,525778,21790,15095,50736,6501,21790,184235,1796,81322,36774,118956,4665,349,550,1040,560,21790,17302,28035,21234,19120,20234,23200
2021-08-09,524883,21790,38630,70449,6501,21790,243836,1796,32727,33001,118956,39606,349,550,1040,560,21790,17302,28035,21234,19120,20234,23200
2021-08-10,447960,18232,146025,169263,6501,18232,338305,1796,72102,33001,118956,39606,349,550,1040,560,18232,17302,28035,20900,19120,20234,23200
2021-08-11,435227,7514,160948,168263,6501,7514,337414,1796,91164,32001,113999,39547,349,550,930,560,7514,17302,28035,20900,19120,20234,23200
2021-08-12,459294,7514,144733,174928,6501,7514,344079,1796,95142,32001,118956,31560,349,550,930,560,7514,17302,28035,20900,22000,24000,23200
2021-08-13,473306,7514,97291,127586,6501,7514,282490,1796,78059,32001,118956,29373,349,550,930,560,7514,17302,28035,20900,22000,24000,23200
2021-08-14,455115,20470,117227,151534,6501,20470,286264,1796,80240,36774,118956,31645,349,550,930,560,20470,17302,28035,20900,22000,24000,23200
2021-08-15,454474,20079,117227,151534,6501,20079,286264,1796,79991,36774,118956,31645,349,550,930,560,20079,17302,28035,20900,22000,24000,23200
2021-08-16,339859,10874,117227,146761,6501,10874,291707,1796,19931,32001,84049,16783,349,550,130,560,10874,17302,28035,20900,22000,24000,23200
2021-08-17,440034,10645,100053,129623,6501,10645,283564,1796,27151,32001,115990,51526,349,550,130,560,10645,17302,28035,20900,22000,24000,23200
2021-08-18,499515,16056,76215,105584,6501,16056,275704,1796,64389,32001,118956,21662,349,550,831,560,16056,19802,28035,20900,22000,24000,23200
2021-08-19,480836,17286,95688,129941,6501,17536,302659,1796,71460,36675,118956,6645,349,550,886,582,17286,19802,28035,20900,22000,24000,23200
2021-08-20,479192,11597,37227,71603,6501,11752,218901,1796,59201,36675,133636,7920,349,550,824,560,11597,19802,28035,20900,22000,24000,23200
2021-08-21,497957,17164,29227,63620,6501,17641,219243,1796,40271,36675,123615,0,349,550,842,560,17164,19802,28035,20900,22000,24000,23200
2021-08-22,503454.5,17769.5,29103,63496,6501,18008,225292.5,1796,30105.5,36675,128710.5,4881,349,550,891,436.5,17769.5,19802,28035,20900,22000,24000,23200
2021-08-23,508952,18375,28979,63372,6501,18375,231342,1796,19940,36675,133806,9762,349,550,940,313,18375,19802,28035,20900,22000,24000,23200
2021-08-24,447555,18157,82347,111954,6501,18157,267577,1796,39462,32001,110740,24890,349,550,841,560,18157,19802,28035,20900,22000,20234,23200
2021-08-25,434642,6780,78046,107662,6501,6780,246731,1796,66127,32001,116065,0,349,550,815,560,6780,19802,28035,20900,22000,24000,23200
2021-08-26,341085,2304,148478,177946,6501,2304,347266,1796,0,32001,150475,0,349,550,801,277,2304,20594,28035,20900,22000,24000,23200
2021-08-27,417545,16619,130740,159845,6501,16619,324416,1796,26417,32001,150475,4991,349,550,752,504,16619,20594,28035,20900,22000,24000,23200
2021-08-28,456779,23265,124539,144037,6501,23265,313907,1796,56416,32001,147282,0,349,550,861,282,23265,19802,28035,20900,22000,24000,23200
2021-08-29,457798,23448,113940,133461,6501,23448,292090,1796,48486,32001,152293,4733,349,550,876,0,23448,19802,28035,20900,22000,24000,23200
2021-08-30,459737,23621,131484,150968,6501,23621,319096,1796,51705,32001,152583,9724,349,550,887,493,23621,20594,28035,20900,22000,24000,23200
2021-08-31,476527,10874,46659,76341,6501,10874,222530,1796,44210,32001,128546,9190,349,700,820,282,10874,20400,28035,19614,22000,24000,23200
2021-09-01,415659,4943,9272,38873,6851,4943,167936,0,7239,32001,102925,0,349,600,137,0,4943,19802,28035,19614,22000,23800,23200
2021-09-02,461117,4943,9674,40873,6851,4943,179659,0,24229,34001,119827,0,349,600,137,0,4943,19802,28035,19614,22000,23800,23200
2021-09-03,468233,4943,9272,41373,6851,4943,176124,1796,28907,34501,123312,0,349,600,476,0,4943,19802,28035,19614,22000,23800,23200
2021-09-04,478506,11896,9272,39873,6851,11896,167657,1796,30402,33001,118956,14683,349,600,522,0,11896,19802,28035,19614,22000,23800,23200
2021-09-05,502081,20972,9273,43547,6851,20972,154963,1796,53729,36675,118956,18610,349,600,537,0,20972,19802,28035,19614,22000,23800,23200
2021-09-06,492453,19578,59273,91768,6851,19578,226203,1796,67316,35001,118956,25010,349,600,518,0,19578,19802,28035,19614,22000,23800,23200
2021-09-07,494402,19491,22120,41373,6851,20151,193112,1796,14417,34501,118956,24166,0,600,523,0,19491,19802,28035,19614,22000,23800,23200
2021-09-08,479811,21896,146422,178235,6851,24890,342109,1796,71180,34501,118956,43109,0,600,541,0,21896,19802,28035,19614,22000,23800,23200
2021-09-09,387352,22186,184094,180007,6851,22637,360725,1796,16222,36675,118956,46535,0,600,907,0,22186,19402,28035,19614,22000,23800,23200
2021-09-10,412712,25134,141594,174689,6851,25832,355561,1796,0,36473,118956,45464,0,600,700,0,25134,17800,28035,19614,20500,23800,21200
2021-09-11,482968,18556,71123,91941,6851,18556,270461,1796,20168,36374,150602,4300,0,600,724,0,18556,17800,28035,19614,20500,23800,21200
2021-09-12,481918,18366,71123,91941,6851,18366,256214,1796,67960,36374,120193,390,0,600,794,0,18366,17800,28035,19614,20500,23800,21200
2021-09-13,405737,10986,58070,91941,6851,10986,233115,1796,0,36374,125819,4950,0,600,137,0,10986,17800,28035,19614,20500,23800,21200
2021-09-14,525207,24556,9272,43246,6851,24556,208740,1796,1755,36374,150602,7649,0,600,799,0,24556,17800,28035,19614,20500,23800,23200
2021-09-15,521218,17714,9272,43547,6851,17714,194794,1796,26215,36675,150602,0,0,600,944,0,17714,17800,28035,19614,20500,23800,23200
2021-09-16,495273,14673,9272,43547,6851,14673,193015,1796,45901,36675,110406,0,0,600,137,0,14673,17800,28035,19614,20500,23800,23200
2021-09-17,500391,20728,9272,43547,6851,20728,166221,1796,62592,36675,119158,185,0,600,936,0,20728,17800,28035,19614,20500,23800,23200
2021-09-18,475384,22032,9272,43547,6851,22032,153095,1796,62904,36675,106478,0,349,700,137,0,22032,17800,28035,19614,20500,23800,23200
2021-09-19,504108,20784,9272,43547,6851,20784,154756,1796,88218,36675,108798,0,349,700,1246,0,20784,17800,28035,19614,20500,23800,23200
2021-09-20,523910,26098,9272,43547,6851,26099,175652,1796,71185,36675,119280,0,349,700,1246,0,26098,17800,28035,19614,20500,23800,23200
2021-09-21,529211,15961,9272,43547,6851,15961,156277,1796,88842,36675,135682,0,349,700,1446,0,15961,17800,28035,19614,20500,23800,23200
2021-09-22,494379,13696,9272,43547,6851,13696,156277,1796,59266,36675,125677,7919,349,700,656,0,13696,17800,28035,19614,20500,23800,23200
2021-09-23,485385,8103,9272,43345,6851,8103,165573,1796,47036,36473,118956,17050,349,700,1115,0,8103,17800,24169,19614,21000,23800,23200
2021-09-24,456074,968,9272,43547,6851,968,180156,1796,21720,36675,109389,16004,349,700,186,0,968,17800,24169,19614,21000,23800,23200
2021-09-25,520304,12453,9272,39873,6851,12453,156023,1796,104999,33001,118647,303,349,700,311,0,12453,17800,24169,19614,21000,23800,23200
2021-09-26,521846,19412,9272,38873,6851,13212,156370,1796,136377,32001,118956,303,349,600,1440,0,19412,17800,24169,19614,21000,23800,23200
2021-09-27,487429,19412,9272,41373,6851,5345,179762,1796,108770,34501,118956,303,349,600,1440,0,19412,17800,24169,19614,21000,23800,23200
2021-09-28,468019,6976,9272,43547,6851,6976,154888,1796,45249,36675,129405,0,349,600,286,0,6976,17800,28035,19614,21000,23800,23200
2021-09-29,396518,0,9272,38873,6851,0,122305,1796,26604,32001,118022,0,349,600,286,0,0,20594,28035,19614,17000,23800,23200
2021-09-30,403754,0,9272,38873,6851,0,125237,1796,77296,32001,94097,0,349,600,286,0,0,17454,17800,3000,17000,20234,23200
2021-10-01,359468,0,7011,33010,1000,0,147385,1695,103570,32001,102426,11896,847,596,831,560,0,0,0,0,0,0,0
2021-10-02,311593,989,7011,33010,1000,989,140436,1695,77578,32001,86220,5420,847,536,118,0,989,0,0,0,0,0,0
2021-10-03,322235,989,7011,33010,1000,989,153096,1695,80498,32001,86380,5948,847,596,831,560,989,0,0,0,0,0,0
2021-10-04,350776,989,7011,34010,1000,989,168344,1695,89366,33001,89217,5948,847,596,831,560,989,0,0,0,0,0,0
2021-10-05,405077,989,7011,34010,1000,989,179872,1695,103384,33001,104014,19790,847,349,76,0,989,0,0,0,0,0,0
