Date,RF1,RF2,RF3,RF4,RF5,RF6,RF7,RF8,RF9,RF10,RF11,RF12
2019-01-01,769950,18439,0,1792,3081,572,85994,1344,87218,0,0,569767
2019-01-02,811983,43900,0,2237,2619,2431,97966,1208,103075,0,0,582955
2019-01-03,1009756,46458,0,1773,2628,2118,100664,1206,98888,0,0,747943
2019-01-04,1130373,45111,0,2818,2768,2194,102126,1204,102968,0,0,848478
2019-01-05,1143139,39562,0,2716,2851,2608,91411,1204,106531,0,0,872980
2019-01-06,1139927,38257,0,2045,3036,2481,89165,1198,103245,0,0,881129
2019-01-07,1151533,51577,0,2205,2866,2010,93106,934,103413,0,0,883758
2019-01-08,1170135,51511,0,3289,2343,2182,100807,1734,103085,0,0,901167
2019-01-09,1177295,51478,0,2932,1228,2622,102913,1338,103004,0,0,907539
2019-01-10,1177600,51473,3552,2046,2873,2397,102839,1558,102926,0,0,909415
2019-01-11,1172748,46694,48352,2101,2753,1838,102715,1272,104390,0,0,867178
2019-01-12,1165195,35690,47332,1648,3091,2637,95953,806,98063,0,0,874013
2019-01-13,1167401,34619,46853,2160,3084,2524,91209,1168,100188,0,0,871813
2019-01-14,1174958,51745,43538,2722,3046,1594,97699,1389,107718,0,0,870092
2019-01-15,1131273,56543,38771,2013,2946,2060,95518,1513,106619,0,0,826927
2019-01-16,1126299,56558,40500,1990,3003,2454,99534,1189,91693,0,0,840318
2019-01-17,1168389,56580,44692,1849,2815,2228,114904,1126,79571,0,0,864109
2019-01-18,1180753,56257,50168,2030,3139,2345,102517,1825,100172,0,0,861466
2019-01-19,1179631,46167,37363,2346,2860,2702,96236,686,97879,0,0,877712
2019-01-20,1145069,41410,37480,3328,2870,2752,90869,1473,94778,0,0,855648
2019-01-21,1140744,20154,41563,3600,2859,2191,131217,1180,102802,0,0,849206
2019-01-22,1129007,18088,39737,2288,2938,2273,121035,1606,103104,0,0,838623
2019-01-23,1134158,30490,38279,2775,2730,2596,124044,1049,103045,0,0,832511
2019-01-24,1035919,29824,49864,3708,2723,2181,122389,1277,102806,0,0,759454
2019-01-25,1105324,29901,43127,3001,2675,2121,121690,1530,103161,0,0,742090
2019-01-26,1137989,29860,54344,2771,2821,2627,113824,1397,94067,0,0,810256
2019-01-27,1128506,35395,55486,4133,2847,2647,103748,1210,92964,0,0,815371
2019-01-28,0,0,0,0,0,0,0,0,0,0,0,0
2019-01-29,0,0,0,0,0,0,0,0,0,0,0,0
2019-01-30,0,0,0,0,0,0,0,0,0,0,0,0
2019-01-31,0,0,0,0,0,0,0,0,0,0,0,0
2019-02-01,1131278,41024,0,2795,3161,2256,109013,1433,108228,0,0,856946
2019-02-02,1123829,38119,0,2494,3223,2607,91917,1219,103631,0,0,872705
2019-02-03,1119873,35940,0,2723,3358,2621,88070,1389,102158,0,0,888644
2019-02-04,1114681,36549,0,2083,3210,2210,88408,1366,102783,0,0,877449
2019-02-05,1106023,45248,0,2626,3174,2236,78258,1306,99179,0,0,886559
2019-02-06,1104218,42651,0,2205,2989,2575,111024,1386,96434,0,0,854220
2019-02-07,1133065,46028,0,2249,2906,2189,107864,1299,102133,0,0,856104
2019-02-08,1131525,44024,191,1530,2790,2266,107709,1244,98521,0,0,862943
2019-02-09,1096330,47979,21524,1706,2618,2621,85257,1438,95170,0,0,825812
2019-02-10,1109485,40824,26734,2272,2453,2628,91428,1400,90625,0,0,847468
2019-02-11,1111093,52923,26243,1685,2899,2257,108296,1283,83889,0,0,846615
2019-02-12,1129574,51040,21276,2805,2900,2106,108780,1396,93172,0,0,854044
2019-02-13,1137788,50017,24891,2025,3102,1876,101084,1304,102696,0,0,857592
2019-02-14,1135452,51054,25881,2047,3046,1753,100447,513,97920,0,0,858104
2019-02-15,1142092,37941,54352,1737,2957,2485,110206,1408,97037,0,0,853420
2019-02-16,1142502,33883,65565,1837,2968,2471,106163,981,96935,0,0,839516
2019-02-17,1165802,32308,26417,1421,3132,2518,92805,1077,97189,0,0,865172
2019-02-18,1175993,45971,42870,1984,3398,1910,101208,1125,100650,0,0,863385
2019-02-19,1109883,36514,68317,1777,3464,2024,44014,1123,95847,0,0,851276
2019-02-20,1065490,10704,25692,2012,3330,2464,66553,1499,92091,0,0,847894
2019-02-21,1067835,13306,11400,2028,3373,2045,75329,1313,92132,0,0,861087
2019-02-22,1061266,22015,94,1969,3376,1953,61500,1085,91912,0,0,865110
2019-02-23,1126471,16049,0,1585,3639,2515,127756,964,91880,0,0,862422
2019-02-24,1035848,23661,0,0,3727,2550,30760,851,89260,0,0,867409
2019-02-25,0,0,0,0,0,0,0,0,0,0,0,0
2019-02-26,0,0,0,0,0,0,0,0,0,0,0,0
2019-02-27,0,0,0,0,0,0,0,0,0,0,0,0
2019-02-28,0,0,0,0,0,0,0,0,0,0,0,0
2019-03-01,1130712,26207,33155,1321,3370,2252,77978,1109,102422,0,0,874602
2019-03-02,1141794,19210,56212,2200,3593,2594,78869,1061,102691,0,0,865940
2019-03-03,1131035,15368,35020,1546,3795,2592,72028,600,97324,0,0,870412
2019-03-04,1131353,47094,20693,1350,3686,2228,81957,987,102639,0,0,869950
2019-03-05,1135389,51285,20562,1596,3042,2257,92128,960,102683,0,0,861653
2019-03-06,1133681,46594,1104,1696,3481,2601,102559,930,102642,0,0,867471
2019-03-07,1127375,44253,0,1758,3359,2149,102720,946,102668,0,0,872477
2019-03-08,1132995,38106,0,1830,3130,2235,102785,901,102528,0,0,874581
2019-03-09,1142812,28152,9556,2061,3474,2583,102627,863,103336,0,0,882433
2019-03-10,1141481,18456,41047,1925,3318,2600,102374,588,103449,0,0,869010
2019-03-11,1161213,21892,3849,1536,3082,2246,102544,842,121023,0,0,890578
2019-03-12,1136695,23780,30445,1529,3112,2153,102649,875,113175,0,0,879526
2019-03-13,1148665,34056,29684,1803,3143,2634,102746,896,102760,0,0,871252
2019-03-14,1133626,40640,15412,1496,3058,2173,102420,802,102564,29,0,867685
2019-03-15,1131981,40987,0,1700,2910,1937,102692,1090,102667,0,0,871683
2019-03-16,1130922,25415,0,2139,2317,2241,102533,1083,102557,0,0,873040
2019-03-17,1132425,14780,0,1681,774,2660,95351,1120,102559,0,0,872948
2019-03-18,1135975,14297,9628,1853,1670,2660,90409,1147,102513,0,0,877871
2019-03-19,1089820,20508,0,1574,1723,2672,83505,991,102649,0,0,870661
2019-03-20,1082393,20511,0,1673,1715,2640,87264,1157,102635,0,0,868267
2019-03-21,1114112,20628,0,1473,1809,2196,97609,1151,102750,0,0,869354
2019-03-22,1093006,22334,0,1622,1741,2238,91859,1104,103202,0,0,872292
2019-03-23,1071800,26910,0,1745,1733,2600,72341,1116,85556,0,0,879566
2019-03-24,914259,10465,31518,2144,1701,2624,10326,850,53378,0,0,869611
2019-03-25,1104231,14031,2055,1605,1531,1950,42534,967,86457,77,0,873957
2019-03-26,1079273,20626,0,1213,2724,2186,97305,813,92805,0,0,858185
2019-03-27,1090749,20653,0,1786,3367,2524,97863,1023,92957,0,0,868841
2019-03-28,1107915,26625,247,1728,3057,2084,95046,1308,92983,0,0,870791
2019-03-29,1102958,20651,0,1535,3175,2040,89120,718,93090,0,0,876335
2019-03-30,1091319,20669,0,2032,3351,2491,82500,722,93052,0,0,877122
2019-03-31,1078654,20675,0,1987,3566,2542,74369,771,93141,0,0,876875
2019-04-01,1080931,20678,0,1181,3503,2103,90208,874,93085,0,0,867007
2019-04-02,1076703,20670,0,1382,3490,2110,92862,1328,93204,0,0,870821
2019-04-03,1112537,20640,2,2049,3560,2547,98128,742,92900,0,0,876502
2019-04-04,1096221,20600,0,1952,3607,2201,89379,491,92904,0,0,874459
2019-04-05,1073655,20580,0,1383,3519,2175,82578,586,92963,0,0,869067
2019-04-06,1005138,24205,0,2180,3371,2416,78922,733,88807,0,0,792588
2019-04-07,1043238,25838,0,1623,3496,2515,63451,740,93077,0,0,847791
2019-04-08,1083623,25802,0,1006,3195,2160,85524,563,92870,0,0,865985
2019-04-09,1056669,25813,0,2415,2647,2159,92795,1247,92794,0,0,843788
2019-04-10,1033160,21295,10,2056,3296,2512,95114,965,93046,0,0,820957
2019-04-11,1043066,15488,0,1804,3391,2190,93492,694,92946,0,0,834756
2019-04-12,1042304,15461,0,1852,2593,2279,97822,671,92764,0,0,835661
2019-04-13,1039624,15469,0,1839,3135,2596,97944,822,89987,0,0,829047
2019-04-14,1042203,18075,0,2052,2531,2636,100008,943,93285,0,0,809082
2019-04-15,1088346,15490,0,2167,3147,2247,100467,1130,102292,0,0,856683
2019-04-16,1096217,15522,0,1884,3204,2272,108557,652,103323,6,0,860519
2019-04-17,1037217,15422,0,1501,3720,2655,113531,598,98136,8,0,802088
2019-04-18,986084,15424,0,1317,3029,2289,110671,741,95031,0.1,0,745387
2019-04-19,475270,14588,0,1853,3389,2284,25285,809,1786,0.4,0,514227
2019-04-20,633112,15490,0,2002,3107,2608,15579,828,0,271,0,582853
2019-04-21,657596,15576,0,1820,2969,2600,33773,697,41314,277,0,570876
2019-04-22,1118495,35122,25640,1050,3551,2616,97364,480,103200,323,0,818834
2019-04-23,1128485,36149,155,1131,3249,1858,68387,381,103311,275,0,882900
2019-04-24,1131843,34134,20119,1445,2649,2630,82976,495,100652,241,0,878302
2019-04-25,1150114,33071,20063,1337,2837,2401,68809,602,94041,248,0,882267
2019-04-26,1069535,36022,40,1088,2796,1323,95749,657,91793,284,0,866073
2019-04-27,1103917,36081,0,1511,2625,2431,79414,627,100205,214,0,876495
2019-04-28,1116033,31913,0,940,2248,2558,83614,544,102925,208,0,877023
2019-04-29,1126345,31270,0,1222,2604,2584,90485,479,103161,207,0,887806
2019-04-30,1111972,25102,0,908,2976,2033,92080,479,113614,302,0,856914
2019-05-01,1124491,27866,86407,986,3121,2661,82489,514,100584,181,0,821138
2019-05-02,1147460,30859,76616,837,3131,2513,102973,279,102742,313,0,825082
2019-05-03,1143465,30855,69626,909,3420,1860,103001,311,102658,264,0,837867
2019-05-04,1117352,27969,90879,775,2982,2474,98252,551,102858,236,0,813796
2019-05-05,1107932,21117,84313,953,2934,2589,93320,577,100319,261,0,796408
2019-05-06,1165488,34788,80583,994,3118,2576,100355,535,105043,296,0,830474
2019-05-07,1169687,36072,77785,1124,3325,1803,85224,553,96136,277,0,851855
2019-05-08,1182135,36059,67520,1341,2634,2518,102217,608,110097,350,0,847354
2019-05-09,1202101,36161,49002,2118,2971,2351,103198,561,103375,381,0,876741
2019-05-10,1202675,33741,73325,1336,2753,1760,90892,576,103164,346,0,880287
2019-05-11,1200577,30954,68488,1562,2894,2547,92741,580,103170,263,0,881535
2019-05-12,1199187,23208,68437,1522,2781,2502,91255,416,101701,270,0,883063
2019-05-13,1209583,25769,71687,1202,3019,2454,103017,538,108524,343,0,888225
2019-05-14,1210718,25733,71182,1156,2885,1730,103051,543,108136,388,0,893330
2019-05-15,1229684,25760,75060,939,763,2466,106404,523,108114,389,0,911471
2019-05-16,1137374,25764,98650,1382,2725,2481,103107,484,108412,304,0,819218
2019-05-17,1206577,25766,42199,1205,2732,1783,100160,369,108270,322,0,877662
2019-05-18,1177491,25778,47279,1527,2998,2518,96203,384,106628,207.8,0,875393
2019-05-19,1149285,17980,41784,1611,3128,2501,87798,207,106951,271.2,0,878646
2019-05-20,1169030,22974,41805,1034,3137,2098,94398,305,116338,362,0,883658
2019-05-21,1201884,20680,88003,994,3018,2495,97955,322,118502,350,0,879086
2019-05-22,1217203,20598,102130,646,3122,2377,97931,306,116612,387,0,874861
2019-05-23,1230233,24841,99876,585,2887,2564,97830,320,113417,327,0,879255
2019-05-24,1220088,25784,92302,688,2937,1962,98054,365,111503,329,0,878619
2019-05-25,1217995,24864,92226,541,3009,2227,95830,380,113588,217,0,876075
2019-05-26,1209491,17189,94231,535,3009,2559,81044,381,115743,189,0,878244
2019-05-27,1213971,24457,92688,394,2955,2573,97647,375,113824,310,0,883440
2019-05-28,1216617,25791,92320,529,2870,1810,97975,390,113670,350,0,879199
2019-05-29,1212828,25778,92240,499,2610,2552,97991,282,113466,338,0,872253
2019-05-30,1215667,25767,83053,456,3175,2603,97996,353,113387,261,0,876850
2019-05-31,1212757,25799,92762,440,3208,2374,84713,348,109099,395,0,880723
2019-06-01,0,0,0,0,0,0,0,0,0,0,0,0
2019-06-02,0,0,0,0,0,0,0,0,0,0,0,0
2019-06-03,0,0,0,0,0,0,0,0,0,0,0,0
2019-06-04,0,0,0,0,0,0,0,0,0,0,0,0
2019-06-05,0,0,0,0,0,0,0,0,0,0,0,0
2019-06-06,0,0,0,0,0,0,0,0,0,0,0,0
2019-06-07,0,0,0,0,0,0,0,0,0,0,0,0
2019-06-08,0,0,0,0,0,0,0,0,0,0,0,0
2019-06-09,0,0,0,0,0,0,0,0,0,0,0,0
2019-06-10,0,0,0,0,0,0,0,0,0,0,0,0
2019-06-11,0,0,0,0,0,0,0,0,0,0,0,0
2019-06-12,0,0,0,0,0,0,0,0,0,0,0,0
2019-06-13,0,0,0,0,0,0,0,0,0,0,0,0
2019-06-14,0,0,0,0,0,0,0,0,0,0,0,0
2019-06-15,0,0,0,0,0,0,0,0,0,0,0,0
2019-06-16,0,0,0,0,0,0,0,0,0,0,0,0
2019-06-17,0,0,0,0,0,0,0,0,0,0,0,0
2019-06-18,0,0,0,0,0,0,0,0,0,0,0,0
2019-06-19,0,0,0,0,0,0,0,0,0,0,0,0
2019-06-20,0,0,0,0,0,0,0,0,0,0,0,0
2019-06-21,0,0,0,0,0,0,0,0,0,0,0,0
2019-06-22,0,0,0,0,0,0,0,0,0,0,0,0
2019-06-23,0,0,0,0,0,0,0,0,0,0,0,0
2019-06-24,0,0,0,0,0,0,0,0,0,0,0,0
2019-06-25,0,0,0,0,0,0,0,0,0,0,0,0
2019-06-26,0,0,0,0,0,0,0,0,0,0,0,0
2019-06-27,0,0,0,0,0,0,0,0,0,0,0,0
2019-06-28,0,0,0,0,0,0,0,0,0,0,0,0
2019-06-29,0,0,0,0,0,0,0,0,0,0,0,0
2019-06-30,0,0,0,0,0,0,0,0,0,0,0,0
2019-07-01,0,0,0,0,0,0,0,0,0,0,0,0
2019-07-02,0,0,0,0,0,0,0,0,0,0,0,0
2019-07-03,0,0,0,0,0,0,0,0,0,0,0,0
2019-07-04,0,0,0,0,0,0,0,0,0,0,0,0
2019-07-05,0,0,0,0,0,0,0,0,0,0,0,0
2019-07-06,0,0,0,0,0,0,0,0,0,0,0,0
2019-07-07,0,0,0,0,0,0,0,0,0,0,0,0
2019-07-08,0,0,0,0,0,0,0,0,0,0,0,0
2019-07-09,0,0,0,0,0,0,0,0,0,0,0,0
2019-07-10,0,0,0,0,0,0,0,0,0,0,0,0
2019-07-11,0,0,0,0,0,0,0,0,0,0,0,0
2019-07-12,0,0,0,0,0,0,0,0,0,0,0,0
2019-07-13,0,0,0,0,0,0,0,0,0,0,0,0
2019-07-14,0,0,0,0,0,0,0,0,0,0,0,0
2019-07-15,0,0,0,0,0,0,0,0,0,0,0,0
2019-07-16,0,0,0,0,0,0,0,0,0,0,0,0
2019-07-17,0,0,0,0,0,0,0,0,0,0,0,0
2019-07-18,0,0,0,0,0,0,0,0,0,0,0,0
2019-07-19,0,0,0,0,0,0,0,0,0,0,0,0
2019-07-20,0,0,0,0,0,0,0,0,0,0,0,0
2019-07-21,0,0,0,0,0,0,0,0,0,0,0,0
2019-07-22,0,0,0,0,0,0,0,0,0,0,0,0
2019-07-23,0,0,0,0,0,0,0,0,0,0,0,0
2019-07-24,0,0,0,0,0,0,0,0,0,0,0,0
2019-07-25,0,0,0,0,0,0,0,0,0,0,0,0
2019-07-26,0,0,0,0,0,0,0,0,0,0,0,0
2019-07-27,0,0,0,0,0,0,0,0,0,0,0,0
2019-07-28,0,0,0,0,0,0,0,0,0,0,0,0
2019-07-29,0,0,0,0,0,0,0,0,0,0,0,0
2019-07-30,0,0,0,0,0,0,0,0,0,0,0,0
2019-07-31,0,0,0,0,0,0,0,0,0,0,0,0
2019-08-01,1190977,31259,51599,5,3790,2188,104026,861,107375,395,0,882705
2019-08-02,1188226,31154,51598,3,3448,2168,104048,524,105224,406,0,887585
2019-08-03,1102439,31181,49261,194,3370,2549,46435,558,90157,386,0,881074
2019-08-04,1116749,31186,44407,0,3419,2544,85873,518,104217,316,0,847145
2019-08-05,1187368,31156,51459,0,3498,2067,103893,439,103352,396,0,878123
2019-08-06,1200205,31211,75592,0,3006,2292,104261,566,99753,453,0,879986
2019-08-07,1198258,31124,84511,0,893,2602,103969,422,104420,453,0,870222
2019-08-08,1199535,31140,92930,0,3056,2230,103753,895,103188,414,0,864758
2019-08-09,1202792,31195,78282,0,3227,2202,100082,520,103038,327,0,865956
2019-08-10,1176849,31203,50523,0,3213,2527,98878,502,96841,183,0,881799
2019-08-11,1147309,31094,47701,0,3235,2564,87258,450,93516,439,0,876825
2019-08-12,1157269,31098,57769,2,3328,2033,98798,443,103208,497,0,868539
2019-08-13,1161670,31080,52322,38,3198,2057,99065,468,108607,390,0,875452
2019-08-14,1197299,29712,91154,68,3166,2509,102500,457,108282,415,0,862439
2019-08-15,1213841,31132,93222,86,2985,2524,102690,434,106485,503,0,871893
2019-08-16,1222504,31080,76033,58,3057,1741,106150,374,103015,426,0,879023
2019-08-17,1165743,31226,42407,157,3173,2389,97189,528,91951,270,0,882381
2019-08-18,1142712,31110,46577,28,3086,2393,98563,411,88929,289,0,876398
2019-08-19,1163936,31096,43471,112,3052,1810,92963,426,98707,503,0,879814
2019-08-20,1159413,31171,47648,177,2970,1548,109994,335,103850,526,0,878767
2019-08-21,1163147,31190,50892,149,2985,2016,103893,346,104231,466,0,875954
2019-08-22,1207515,31154,50450,159,2978,2391,103853,362,105322,504,0,883762
2019-08-23,1205551,31145,81531,82,2436,2469,104986,383,103182,384,0,874233
2019-08-24,1181842,31109,72678,29,3093,2476,102484,357,97589,281,0,869448
2019-08-25,1148632,31046,52950,4,2842,2503,93637,386,95372,345,0,872671
2019-08-26,1188310,31051,91126,8,2703,2217,102424,392,103403,498,0,872023
2019-08-27,1205170,30985,83689,59,3165,2138,103769,347,103842,461,0,873995
2019-08-28,1209881,31087,86646,316,3302,1978,109299,378,108717,425,0,869502
2019-08-29,1197772,31104,82846,568,3291,901,103805,464,105379,431,0,865722
2019-08-30,1183558,31117,54798,399,3428,1934,109778,479,98730,193,0,872722
2019-08-31,0,0,0,0,0,2673,100915,565,95667,136,0,877444
2019-09-01,1154611,31074,47127,311,3337,2689,95337,620,91715,429,0,873563
2019-09-02,1142431,30980,45859,425,2824,2519,87227,629,103494,521,0,872169
2019-09-03,1154422,30957,42172,306,2971,2117,106819,609,108076,505,0,871415
2019-09-04,1165760,30963,42797,286,2495,2590,108351,539,102763,564,0,868380
2019-09-05,1170265,31049,45042,219,3108,2212,108547,483,102748,544,0,871646
2019-09-06,1174339,30767,48392,189,2962,2293,108613,528,102354,474,0,872709
2019-09-07,1169959,31050,46927,397,2736,2604,101847,528,96051,343,0,873990
2019-09-08,1139002,31045,44276,63,3026,2630,87929,511,91312,504,0,878324
2019-09-09,1165019,31071,40272,396,3073,2184,100477,485,107502,624,0,873270
2019-09-10,1151893,31031,44704,461,3020,2072,93214,505,105212,558,0,866056
2019-09-11,1118382,31015,44322,267,3747,2516,78080,512,97365,544,0,877294
2019-09-12,1143834,31077,46355,212,4237,2061,77048,551,98295,570,0,876264
2019-09-13,1152232,31071,48527,207,3960,2186,75527,622,96357,406,0,876511
2019-09-14,1125098,31056,39056,268,3852,2527,70217,686,90858,263,0,881472
2019-09-15,1083674,31079,45582,190,3962,2326,45753,672,90864,250,0,862242
2019-09-16,1102602,31006,46670,512,3984,2019,83766,700,88375,420,0,865093
2019-09-17,1132952,32706,39522,647,2911,2154,106402,673,108552,574,0,854292
2019-09-18,1201616,31174,92485,370,513,2490,103936,623,108973,584,0,864512
2019-09-19,1186179,30993,48873,342,3526,2059,107473,527,108671,514,0,871985
2019-09-20,1208809,30972,73316,461,3904,2192,97623,676,108719,418,0,872755
2019-09-21,1111482,30996,34779,480,4030,2505,95309,671,105455,272,0,834205
2019-09-22,1109506,31043,47517,566,4003,2222,71493,683,103465,336,0,862058
2019-09-23,1169985,31026,48837,774,3338,1995,108032,697,106820,568,0,863498
2019-09-24,1161548,30930,28893,809,3524,2152,96801,624,108388,453,0,881715
2019-09-25,1151140,31024,48713,567,3274,2471,67321,469,108368,400,0,873094
2019-09-26,1112592,31026,45015,437,4204,2059,63531,628,108670,367,0,847475
2019-09-27,1025532,31069,47960,501,3036,2128,64890,518,108277,398,0,776364
2019-09-28,1016530,31085,44943,482,3919,2529,59243,453,104703,279,0,764838
2019-09-29,1112391,31003,45420,294,4134,2593,78293,498,103562,365,0,847126
2019-09-30,976245,30959,45063,174,3956,2358,105411,641,103130,447,0,695505
2019-10-01,1059407,30985,45009,406,4012,2232,112725,709,103189,504,0,749610
2019-10-02,1056987,30967,44570,707,3359,2586,94995,807,103425,503,0,770993
2019-10-03,1012938,30943,49431,722,3103,2416,114591,780,103316,494,0,708402
2019-10-04,981809,30893,43778,1189,3294,2372,99200,634,101486,471,0,702606
2019-10-05,956177,30828,44031,833,3206,2652,71980,604,87207,299,0,699728
2019-10-06,989140,30904,43528,729,3243,2608,71171,873,77270,361,0,762429
2019-10-07,1051783,30956,45770,964,3176,2382,99857,948,97965,465,0,767821
2019-10-08,1064623,30943,44795,1045,2756,2230,107917,889,105728,467,0,767243
2019-10-09,972284,30993,43904,1545,1151,2528,106051,863,109284,514,0,682721
2019-10-10,1035337,30989,45556,1138,3537,2539,108548,861,107058,510,0,732012
2019-10-11,995784,30930,44264,1071,3434,2461,97223,773,102973,362,0,697105
2019-10-12,987235,30944,44883,929,3633,2565,51211,783,97120,197,0,756251
2019-10-13,1031293,30891,43852,1032,4589,2351,92680,695,89946,305,0,757294
2019-10-14,1089548,30884,44384,1442,5103,2391,111657,666,102286,442,0,792157
2019-10-15,994997,30886,45993,1347,4928,2054,113052,917,102737,487,0,706175
2019-10-16,963044,30907,56479,1235,3537,2482,102449,910,106224,450,0,662446
2019-10-17,962432,30858,60622,884,4664,2505,107878,845,107981,458,0,640012
2019-10-18,992037,30828,55279,930,5079,2607,106758,739,106516,389,0,669192
2019-10-19,1015332,30755,44432,682,5131,2595,101627,779,100379,219,0,713146
2019-10-20,1011162,30808,44653,882,5264,2446,93745,685,96120,327,0,727416
2019-10-21,1000277,30762,44440,767,5335,2452,99565,637,107797,460,0,714490
2019-10-22,1010476,30790,52172,1134,5163,1934,109796,808,107788,479,0,702334
2019-10-23,1050456,30707,52741,1463,4420,2471,112773,1067,107659,561,0,742227
2019-10-24,1094718,30792,55586,1355,4284,2536,110147,979,105226,535,0,777307
2019-10-25,1048626,30798,55812,1250,4210,2574,108363,869,102924,420,0,735318
2019-10-26,1085528,31983,49976,1514,4515,2720,102209,815,106862,251,0,794770
2019-10-27,985987,30702,45153,1382,4220,2544,83329,1089,97318,400,0,714767
2019-10-28,1074869,30672,26786,1641,4214,2156,107026,1007,107320,565,0,793155
2019-10-29,1073223,30820,50763,1254,4402,2188,107936,610,107534,467,0,764606
2019-10-30,1036212,30792,56191,1149,4253,2539,107348,514,107502,502,0,736165
2019-10-31,746303,30825,46658,1689,4572,2602,108055,862,104458,673,0,493388
2019-11-01,836778,30823,46326,1773,4433,2607,105734,1184,100411,420,0,569743
2019-11-02,1051762,31049,45415,1815,4570,2529,88906,1095,101118,205,0,755750
2019-11-03,1065482,31054,47531,1382,4323,2640,82904,992,101734,472,0,769494
2019-11-04,1015366,31506,55012,1207,3185,2129,108724,814,108675,599,0,692519
2019-11-05,1020327,30885,51760,1361,2955,2271,108774,1035,108379,538,0,690684
2019-11-06,1053961,30978,52963,1238,1530,2542,108434,745,108177,525,0,750642
2019-11-07,1034529,31008,58180,1565,3426,2115,111615,984,108242,550,0,728766
2019-11-08,951722,31009,56681,1726,3507,2030,108431,1047,108367,421,0,642374
2019-11-09,940205,30942,44856,1701,4056,2585,96514,972,105554,271,0,646421
2019-11-10,975755,31018,48339,1692,4239,2468,82799,762,100140,421,0,691834
2019-11-11,924464,30986,56318,1801,4586,2020,100665,879,110698,695,0,617650
2019-11-12,1026189,31014,56030,2437,4351,2169,105299,1201,111670,643,0,712616
2019-11-13,1097230,30953,53897,2391,4339,2533,109728,1455,110207,604,0,769641
2019-11-14,1131730,30933,47895,1148,4535,2381,108617,981,108271,603,0,820241
2019-11-15,1104088,30903,49696,1939,4535,1924,108548,1172,108264,497,0,801622
2019-11-16,1013243,30950,47686,1948,4455,2448,94274,1296,92732,254,0,733163
2019-11-17,980879,30982,48826,1827,3944,2144,75668,1229,58746,354,0,752229
2019-11-18,1054734,30995,47679,1438,3900,1997,76522,867,68758,501,0,818411
2019-11-19,1119211,30986,32419,2419,3814,2558,95699,1042,103951,608,0,825100
2019-11-20,1138546,30930,0,2198,4063,2357,108520,1192,109600,585,0,870825
2019-11-21,1107697,30993,0,1951,4035,2481,106539,1005,105569,579,0,851708
2019-11-22,1039227,31097,0,1665,4119,2593,103688,1175,104330,463,0,796239
2019-11-23,1072147,31099,0,1550,3817,2512,98796,677,106372,174,0,824528
2019-11-24,1078955,31083,0,1692,3976,2106,94714,972,96505,344,0,839037
2019-11-25,1039749,31073,0,2011,3988,2399,114450,1018,106750,516,0,801632
2019-11-26,1123536,31142,0,2115,3372,2124,110296,1006,108865,614,0,851080
2019-11-27,1107668,30954,0,1988,3024,2577,108622,1111,113672,531,0,856301
2019-11-28,1114622,31043,0,1741,3117,2596,106837,891,107962,539,0,860488
2019-11-29,1145927,31066,0,1880,3077,2606,105893,1019,103456,391,0,869278
2019-11-30,1063945,31085,0,2232,3366,2463,93432,1073,98487,286,0,831872
2019-12-01,1099558,31075,0,1922,3486,2516,92858,1136,98445,490,0,851058
2019-12-02,1051012,31045,0,2379,4007,2291,109791,1422,107278,662,0,801082
2019-12-03,1098981,31095,0,2765,3572,2160,117760,1434,108815,657,0,825568
2019-12-04,1129754,31039,0,2878,1542,2575,113122,1453,108853,683,0,851788
2019-12-05,1133647,31084,0,3518,3644,2595,113688,1469,108822,821,0,846680
2019-12-06,1114869,31043,0,2547,4151,2591,112912,1456,113644,621,0,839432
2019-12-07,1026955,31105,0,2901,4175,2506,106364,1416,98595,462,0,777072
2019-12-08,1038180,31106,0,3087,4287,2484,91486,1506,99248,532,0,769642
2019-12-09,1020646,35911,0,2967,4340,2106,114118,1421,108794,633,0,747273
2019-12-10,1094769,36269,0,2768,4024,2218,109310,1154,108798,810,0,816102
2019-12-11,1099504,35606,0,2845,4149,2538,110590,1526,108015,527,0,826445
2019-12-12,1097750,31103,0,2985,4436,2688,85819,1317,96400,441,0,831346
2019-12-13,1000545,31001,0,3602,3786,2716,109502,1464,108763,573,0,726979
2019-12-14,1006590,31079,0,3667,3411,2727,100578,1219,106732,278,0,733901
2019-12-15,1035676,31082,0,3230,3598,2632,93911,1399,98259,491,0,787358
2019-12-16,967553,31023,0,3523,4184,2299,115683,998,113871,706,0,705551
2019-12-17,1076602,31042,2262,3812,4501,2284,114357,1571,114016,683,0,783246
2019-12-18,1080793,31133,3646,4864,4605,2570,119159,3182,113910,1008,0,800201
2019-12-19,1052097,42969,1175,3546,3909,2509,115540,1830,110428,830,0,775436
2019-12-20,1084725,41440,0,3805,4317,2495,101107,1816,103613,506,0,816734
2019-12-21,994499,33776,0,3667,4623,2306,94285,1671,111930,223,0,740397
2019-12-22,958032,31041,0,3518,4552,2699,82417,1486,113661,222,0,710225
2019-12-23,1008039,31040,22167,3157,4315,2069,87198,1257,110755,345,0,722906
2019-12-24,886978,31167,28509,3493,0,788,62682,992,94384,189,0,639270
2019-12-25,835167,31190,22072,3093,0,962,64779,1641,89281,197,0,640824
2019-12-26,851138,31217,2011,2963,0,2592,78044,962,112436,359,0,626647
2019-12-27,939342,31271,0,2733,0,2583,79047,1462,114553,378,0,700489
2019-12-28,972422,31273,0,2524,0,2594,70699,855,114692,270,0,742948
2019-12-29,954854,31228,7116,2611,0,2612,58710,1118,114774,395,0,744027
2019-12-30,935394,31140,33385,2604,0,2193,68693,1273,113986,178,0,682975
2019-12-31,916624,31146,33380,2504,0,825,51977,1330,99361,0,0,678987
2020-01-01,1001449,31148,33236,2434,81,952,56446,1134,93783,220,0,760756
2020-01-02,913082,31082,4213,3253,309,2581,102571,1101,107510,720,0,692874
2020-01-03,968545,31159,0,3534,487,2575,103862,1618,112071,600,0,712584
2020-01-04,968905,31261,0,4371,1396,2616,98147,2112,113868,362,0,706209
2020-01-05,904458,31282,0,4455,1955,2610,85601,2144,101784,615,0,667344
2020-01-06,940485,32100,0,3882,3363,2034,117173,1686,114451,884,0,676387
2020-01-07,1012724,31204,0,4176,4111,2046,111464,2160,113122,905,0,731009
2020-01-08,1018020,31199,0,3462,4219,2540,115020,1892,110373,845,0,754005
2020-01-09,1082217,31115,0,2997,4038,2298,115514,1280,114355,800,0,786698
2020-01-10,1079931,31191,0,3270,4275,2290,104332,1213,114495,565,0,811983
2020-01-11,1107559,31275,0,3440,4804,2588,97140,1115,110737,285,0,842140
2020-01-12,1118625,31177,4226,3335,4597,2397,90765,1388,98667,490,0,860070
2020-01-13,1098361,31203,23889,3115,4960,2127,109435,1443,114295,707,0,809488
2020-01-14,1096393,31272,26546,2869,4538,2396,112636,1235,114860,679,0,799426
2020-01-15,1142193,31169,5983,2564,4449,2389,108887,929,114354,716,0,863314
2020-01-16,1163449,31170,728,2488,4106,2388,108572,1134,112328,717,0,879195
2020-01-17,1169855,31139,0,2381,4509,1930,103083,715,114306,470,0,872655
2020-01-18,1141841,31169,0,2471,4697,2367,81561,1214,114419,280,0,875824
2020-01-19,1137826,31155,0,2521,4603,2596,79848,1131,111884,481,0,872123
2020-01-20,1121958,31130,0,2784,5038,1999,110728,1366,114213,861,0,868824
2020-01-21,1131818,31141,4482,3025,4718,2118,107503,1612,114147,814,0,871453
2020-01-22,1073106,31119,0,2645,5241,2572,118648,1306,114286,745,0,864190
2020-01-23,1223663,31138,0,3308,5346,2588,109803,1211,112249,649,0,880727
2020-01-24,1093580,31116,0,2681,5248,2486,100035,1547,114147,397,0,828145
2020-01-25,1044824,31139,0,2591,5048,2559,85736,1290,114285,283,0,799861
2020-01-26,1108543,31178,0,2944,5177,2580,78217,1195,114258,524,0,867919
2020-01-27,1084607,31201,0,3663,5429,2260,109625,1318,114432,784,0,815979
2020-01-28,1113860,31162,0,3298,4675,2230,117823,1526,114481,817,0,843641
2020-01-29,1137369,31119,0,1294,5546,2602,106598,1551,114231,749,0,868003
2020-01-30,1147698,31062,11350,1785,5503,2603,110788,1498,114180,818,0,869100
2020-01-31,1139727,31092,34791,2915,5385,2637,90699,1154,97583,531,0,859567
2020-02-01,1047694,31145,38417,3687,5355,1961,26429,1336,72615,269,0,861347
2020-02-02,1001649,31099,23600,3760,6027,2728,16974,1163,70971,474,0,820159
2020-02-03,1015792,29413,32322,3893,5616,2604,26416,1291,51844,645,0,853498
2020-02-04,1028447,31096,379,3392,5327,2299,56502,1169,51774,730,0,863757
2020-02-05,1060137,31185,38757,4153,5512,2621,66760,1000,51932,811,0,856339
2020-02-06,1061479,31085,31594,4527,5547,2596,62203,1627,51888,906,0,870957
2020-02-07,1008086,31038,30967,3409,5484,2619,64134,1696,51818,624,0,848677
2020-02-08,1066661,31091,21576,3244,5338,2514,51482,1372,51751,337,0,870155
2020-02-09,1026840,31079,12124,2574,4597,2556,36136,1209,51736,491,0,870517
2020-02-10,939403,31060,33379,2065,4270,2163,51854,879,51845,760,0,812041
2020-02-11,926921,31029,33162,2772,4104,2203,60300,915,51776,722,0,732804
2020-02-12,1017464,30976,31048,2404,1689,2509,56933,960,51756,716,0,834434
2020-02-13,1051246,31012,35654,2554,4817,2425,57062,834,51724,781,0,860025
2020-02-14,1037564,31002,31781,2824,4719,2234,59717,1272,51718,512,0,842742
2020-02-15,963438,31061,21566,2483,4620,2243,46865,1268,51777,290,0,795117
2020-02-16,952069,31024,0,2551,4381,2638,24875,998,51730,538,0,835106
2020-02-17,954906,31035,715,2444,4258,2278,69843,788,51773,766,0,791542
2020-02-18,987761,31088,25680,1646,4630,2167,51132,970,51695,650,0,818338
2020-02-19,1011208,30932,27600,2222,4784,2553,50167,915,51714,664,0,835574
2020-02-20,1007890,31055,26029,1996,5499,2417,66573,836,51694,679,0,823269
2020-02-21,936665,31073,27403,2615,5619,2310,62196,1004,51766,508,0,755945
2020-02-22,933978,31056,30572,2120,5628,2055,43223,925,51837,319,0,765295
2020-02-23,894315,31042,29408,2598,5490,2404,32627,797,51784,516,0,731336
2020-02-24,915569,31044,34177,1390,5178,1995,57207,827,51780,709,0,709318
2020-02-25,851211,31055,31214,2063,4786,1987,51853,837,51766,747,0,702400
2020-02-26,1050458,30211,30961,3080,5214,2382,65916,725,60918,760,0,833332
2020-02-27,1066332,31050,30091,2826,5323,2370,53867,1369,67382,784,0,868466
2020-02-28,1062870,31040,18635,2602,5581,2456,42380,1292,67382,444,0,872761
2020-02-29,1044237,31088,0,2186,5561,2447,33445,1138,67381,267,0,868212
2020-03-01,1003515,31070,0,2789,5550,2356,21813,662,64807,480,0,868014
2020-03-02,993127,31047,0,1296,5528,2027,50108,733,61902,632,0,860638
2020-03-03,1045661,31063,7731,1638,2635,2519,64921,883,66836,677,0,856477
2020-03-04,1006747,30987,45482,2057,2062,2488,70913,792,75875,802,0,789449
2020-03-05,1136908,30996,40222,1865,3457,2591,93208,853,102703,731,0,854114
2020-03-06,1124060,30967,38516,2927,5866,2579,66352,1104,103437,547,0,862649
2020-03-07,1136484,30968,31317,2312,5605,2413,81291,1085,103297,360,0,868768
2020-03-08,1060238,30936,27866,2027,4383,2133,50061,844,61061,532,0,868670
2020-03-09,1068542,32347,26159,1186,5735,2088,73616,904,76391,667,0,849295
2020-03-10,1127379,31024,16325,1869,4868,2528,104763,933,103233,568,0,866611
2020-03-11,1134948,30965,0,1523,4010,2513,111483,885,108972,664,0,869563
2020-03-12,1132155,31017,0,1728,5796,2511,108566,533,104250,645,0,870643
2020-03-13,1144405,30983,0,1529,6022,2273,108462,726,109534,463,0,870854
2020-03-14,1132033,31051,0,1719,5524,2536,98905,567,97858,335,0,875994
2020-03-15,1083739,30988,0,1619,6003,2403,92305,522,88015,478,0,856828
2020-03-16,1088301,31059,0,1355,6043,2129,83276,496,95037,573,0,860036
2020-03-17,1095657,30976,0,1691,5939,2443,108632,568,103823,672,0,849633
2020-03-18,1119240,31073,0,1342,5796,2405,115650,600,108688,582,0,851417
2020-03-19,1119012,31031,0,1521,4969,2177,110537,371,107454,634,0,862147
2020-03-20,1117206,31070,0,1408,5587,2445,102320,381,103557,447,0,869580
2020-03-21,1111847,31046,0,1245,5183,2466,95926,349,96231,314,0,871996
2020-03-22,1096348,31014,2753,1600,3907,2439,84584,365,96533,303,0,865379
2020-03-23,1120813,31047,16448,1176,4186,2362,107073,441,103419,321,0,869313
2020-03-24,1150310,31007,39026,1650,5205,2107,105437,505,103401,343,0,866341
2020-03-25,1131565,31068,518,1605,5887,2483,95752,521,103534,301,0,875346
2020-03-26,1115789,31110,25904,1260,5275,2452,73865,530,98666,311,0,871899
2020-03-27,1103397,31205,0,981,5519,2502,85245,501,93442,335,0,871372
2020-03-28,1116359,31166,0,1054,5329,2519,99152,395,92226,277,0,870496
2020-03-29,1108923,31187,0,870,5476,2531,85163,501,87571,334,0,871819
2020-03-30,1116628,31111,0,1228,5862,2442,91647,543,103950,312,0,874631
2020-03-31,1109313,31174,0,1030,5947,1978,84429,534,103978,366,0,875268
2020-04-01,1105271,31084,0,319,5616,2390,90397,561,97805,349,0,872479
2020-04-02,1102691,31071,0,540,5162,2378,90442,516,98559,305,0,871312
2020-04-03,504058,30932,0,724,3969,2424,76633,402,99729,293,0,422465
2020-04-04,646681,29706,0,1137,4811,1758,77456,343,93400,211,0,385653
2020-04-05,705739,29040,0,533,5193,535,41429,232,40137,82,0,580948
2020-04-06,675615,31031,0,633,5321,1886,40688,315,49347,333,0,551010
2020-04-07,703287,30989,0,715,5064,2391,99089,313,72404,317,0,502682
2020-04-08,677149,31020,3025,847,1837,1781,89222,278,64549,314,0,485003
2020-04-09,653420,31057,1790,1037,5120,1367,17736,280,31126,303,0,563978
2020-04-10,624569,17556,0,807,5900,347,36257,279,31055,325,0,533989
2020-04-11,775312,25807,0,993,5892,382,92786,270,71815,264,0,589097
2020-04-12,1005910,25787,52,1091,5960,384,70630,309,78694,317,0,747145
2020-04-13,945633,25763,28,1030,5775,387,91735,404,82650,327,0,734882
2020-04-14,1012447,33848,0,1058,6002,388,70579,445,76586,321,0,796757
2020-04-15,894532,27325,0,822,5492,388,33012,428,47928,297,0,796062
2020-04-16,1036853,30917,0,646,4944,387,98199,519,76869,318,0,818422
2020-04-17,963491,31063,0,989,5607,389,80753,339,85329,331,0,760151
2020-04-18,925803,31002,0,1489,5804,386,67367,306,92598,389,0,730614
2020-04-19,870765,21948,0,790,5343,386,33553,287,44866,349,0,774726
2020-04-20,906411,20709,0,1012,3148,386,91772,288,94129,298,0,694941
2020-04-21,1029680,20738,0,884,5512,386,90095,282,89553,318,0,808072
2020-04-22,1028188,20706,0,713,5778,386,93375,256,91629,285,0,810566
2020-04-23,1069220,20700,0,872,5727,383,90877,256,86173,334,0,831785
2020-04-24,991124,20621,0,747,5833,384,87815,251,82547,316,0,797328
2020-04-25,1061941,20607,0,872,5909,385,87568,290,87594,351,0,847741
2020-04-26,1001481,20556,0,826,5842,385,70672,372,88156,286,0,812410
2020-04-27,1069393,20579,0,692,5762,388,85323,372,89998,270,0,858366
2020-04-28,1071410,20509,0,792,5353,388,85879,383,96070,326,0,858375
2020-04-29,962630,20490,0,845,5309,386,81039,349,94656,297,0,738953
2020-04-30,1028305,20511,1609,1203,5102,388,76287,490,69947,323,0,823811
2020-05-01,1027444,20484,0,1124,5264,389,77213,601,41108,181,0,860121
2020-05-02,941458,20496,0,959,5492,388,82573,620,54304,291,0,787231
2020-05-03,945519,20521,0,956,5366,388,72235,469,60157,284,0,776323
2020-05-04,951060,20573,1805,752,5483,372,76336,365,84653,291,0,771937
2020-05-05,811747,20597,104,991,5717,364,90491,373,79622,300,0,720863
2020-05-06,1005619,20711,0,914,5714,350,81789,539,67352,307,0,793884
2020-05-07,952796,20625,0,1147,5777,60,85570,628,73932,313,0,742759
2020-05-08,1007330,20586,0,805,5686,0,87634,643,77234,258,0,770027
2020-05-09,986136,20583,0,882,5494,0,78384,926,77218,257,0,784415
2020-05-10,1017235,20617,0,997,4890,0,66164,705,71164,291,0,832100
2020-05-11,1052882,33160,0,962,5045,0,88874,1004,73492,329,0,841210
2020-05-12,1058131,30849,0,970,4993,0,82418,411,77331,292,0,849778
2020-05-13,1008195,30893,0,1052,4844,0,82135,94,77301,262,0,815488
2020-05-14,1026450,30861,0,1071,4602,0,81817,594,77189,305,0,841115
2020-05-15,986042,30878,16092,1010,5148,0,82255,484,77109,328,0,780188
2020-05-16,1047679,27253,41034,1138,4952,0,82270,370,73999,280,0,812630
2020-05-17,956612,22632,47959,1316,3830,0,82222,362,70847,344,0,722878
2020-05-18,1002352,26218,48769,1143,4116,0,88957,462,82359,743,0,749012
2020-05-19,1103250,27723,57281,820,4078,0,91408,393,82278,663,0,833553
2020-05-20,1036520,29877,48206,778,3911,0,87483,253,82351,730,0,863285
2020-05-21,1118737,30320,49824,1277,3984,0,88417,235,85591,668,0,855755
2020-05-22,1086487,21029,91322,833,3710,0,80266,259,82662,561,0,813100
2020-05-23,1100660,20187,46923,893,3930,0,82678,267,79620,317,0,840832
2020-05-24,1102387,16648,58872,23,3891,0,48934,273,72514,449,0,869207
2020-05-25,1105799,29871,60329,2037,3556,0,95515,271,79565,715,0,843598
2020-05-26,1104489,32398,59014,1039,6,0,99651,337,77004,658,0,830726
2020-05-27,995472,30753,39788,1109,0,0,97492,262,76969,703,0,751073
2020-05-28,1056967,30786,0,883,0,7,98435,234,81089,687,0,837059
2020-05-29,1072948,32545,4974,1229,1,199,101512,544,88392,481,0,833433
2020-05-30,1081110,30466,18818,1108,11,1047,96061,558,90572,202,0,836767
2020-05-31,1080238,20702,37548,488,414,1567,90541,492,90825,399,0,838778
2020-06-01,1122788,30787,43800,960,575,497,102478,471,97395,693,0,845217
2020-06-02,1117978,28543,39664,999,110,882,102185,370,99228,717,0,839136
2020-06-03,1115171,28114,46427,907,274,2007,101990,349,96854,675,0,837908
2020-06-04,1074501,30701,28927,757,652,1416,102390,332,97205,701,0,814123
2020-06-05,1064228,24664,583,796,1093,1147,99462,346,94240,609,0,821938
2020-06-06,1064877,25148,37366,741,1141,2106,99436,311,96748,279,0,801933
2020-06-07,1068230,21259,39044,803,1194,1948,72439,283,92455,442,0,826674
2020-06-08,1035100,30711,39534,451,3854,2180,102431,197,96027,725,0,766701
2020-06-09,1048200,31630,40139,531,3921,2329,82906,226,101768,677,0,789846
2020-06-10,1066094,30743,19937,469,3937,2427,102394,393,102227,738,0,785507
2020-06-11,1024179,30743,0,1225,3593,1803,98551,529,98529,795,0,790413
2020-06-12,1066771,71982,0,1083,3916,2001,14624,735,144473,628,0,814857
2020-06-13,1089281,27661,7500,1418,3933,2442,64678,888,108378,328,0,854496
2020-06-14,970694,24039,27789,1525,4046,2492,67516,813,80190,586,0,776232
2020-06-15,1083801,30126,0,1439,4562,2314,95172,649,99066,812,0,826924
2020-06-16,1080538,36817,0,1098,4756,2144,102089,688,105151,788,0,819173
2020-06-17,1089553,34842,0,827,5742,2408,100398,597,103782,719,0,845401
2020-06-18,1115112,30577,8623,992,5954,2465,101977,518,104873,659,0,853279
2020-06-19,1032752,26139,42848,824,5682,2240,102018,206,101920,614,0,761007
2020-06-20,1061343,20345,48205,842,5945,2008,95077,293,101701,327,0,768742
2020-06-21,1098438,20842,44461,748,5520,2502,83184,340,100061,457,0,820609
2020-06-22,1082219,32642,0,543,4025,2095,101867,296,101980,725,0,831595
2020-06-23,1029011,32595,0,1167,3938,2076,101923,328,101969,676,0,774762
2020-06-24,995464,35714,0,1084,4049,2430,100610,576,101961,695,0,745128
2020-06-25,1075775,34252,0,871,4049,2211,101484,480,100404,727,0,822410
2020-06-26,984532,30422,1805,945,3957,2278,100802,639,101006,557,0,740149
2020-06-27,1079559,25516,37539,630,4024,2462,96087,679,96734,315,0,814406
2020-06-28,1130901,21279,52029,1220,3985,2168,88326,532,97179,447,0,843300
2020-06-29,1121884,29248,266,586,3910,2170,100538,245,102024,661,0,866300
2020-06-30,1091284,34107,0,507,3840,2135,98119,259,102023,677,0,862336
2020-07-01,992455,33736,0,484,3549,2472,100084,301,102030,666,0,766023
2020-07-02,966172,35741,0,542,3844,2142,102253,294,101894,661,0,727671
2020-07-03,960087,30366,5970,575,3921,2228,102022,387,102054,622,0,712781
2020-07-04,983105,20430,31012,848,3972,2550,94019,399,100456,269,0,725342
2020-07-05,952353,21128,33517,745,3927,2258,90159,359,93424,432,0,719352
2020-07-06,927967,32178,67,674,3980,2262,101929,354,103927,729,0,682580
2020-07-07,1060129,32253,3565,599,3579,2491,103813,442,103711,793,0,816019
2020-07-08,1060378,32375,0,501,2466,2554,104089,459,102253,742,0,830680
2020-07-09,1048714,32462,711,575,4394,2512,105024,554,104239,735,0,800113
2020-07-10,1090056,23789,0,437,5418,2176,90701,526,90869,574,0,853042
2020-07-11,1088268,23365,0,594,5543,2536,91035,486,92989,320,0,853744
2020-07-12,1066862,24233,0,291,4926,2305,90822,312,96105,390,0,858569
2020-07-13,1117236,37143,0,923,5190,2242,100367,447,102161,508,0,866062
2020-07-14,1122304,38682,0,680,5185,2454,102415,512,102358,716,0,877138
2020-07-15,1093504,37846,895,627,5131,2444,102173,451,102211,677,0,858309
2020-07-16,1078773,37614,0,624,5166,2077,99764,486,102317,707,0,842094
2020-07-17,1051485,32867,0,404,5232,2157,101749,511,102328,573,0,808535
2020-07-18,1071787,23658,0,475,5253,2511,96829,616,98662,321,0,836791
2020-07-19,1111011,22816,0,357,5365,2200,93145,593,98817,468,0,864184
2020-07-20,1126300,34991,0,737,5343,2292,102342,476,102147,753,0,870454
2020-07-21,1082524,35176,0,534,5131,2492,102273,524,102200,741,0,850498
2020-07-22,1096270,35680,0,394,2918,2300,102349,700,102322,760,0,844010
2020-07-23,1096906,40539,0,415,5594,1960,102224,653,102304,706,0,835190
2020-07-24,1110275,31564,0,260,5424,2126,102166,619,99718,573,0,852900
2020-07-25,1083121,29847,0,333,5514,2421,99129,514,101318,312,0,857710
2020-07-26,1040221,27574,0,449,5512,2392,89914,449,96111,448,0,814375
2020-07-27,1009746,37784,0,522,5514,2013,102181,649,102202,676,0,763729
2020-07-28,1094557,40962,0,557,5503,2470,102390,591,102327,751,0,832143
2020-07-29,1101761,40767,0,299,4402,2502,102374,609,104768,711,0,847053
2020-07-30,1079057,36485,0,180,3840,2506,102419,576,102203,680,0,831217
2020-07-31,1098696,35065,1348,389,3827,2574,101956,413,102029,533,0,843924
2020-08-01,1070797,22944,0,275,3917,2579,80948,454,97141,290,201,843994
2020-08-02,957774,21022,0,280,3881,2459,65482,448,88705,485,201,812067
2020-08-03,1056325,38426,0,277,3883,2139,102374,364,102472,730,350,777285
2020-08-04,1115725,39898,0,262,3557,2519,105105,867,103669,697,350,846455
2020-08-05,1122835,36774,707,268,2187,2529,102470,709,102488,701,345,846847
2020-08-06,1126118,36608,0,348,3444,2440,102222,366,102369,734,302,856230
2020-08-07,1130422,35530,0,258,3368,2220,103919,335,102143,581,272,853481
2020-08-08,1130476,26945,0,210,3980,2588,98348,308,102381,307,218,865271
2020-08-09,1093260,20772,0,189,4220,2476,86898,435,97196,488,268,864842
2020-08-10,1102732,37173,0,206,5311,2056,102379,656,102259,712,345,849632
2020-08-11,1102216,41913,0,139,5070,2373,102606,786,102635,704,341,851043
2020-08-12,1091541,40238,0,124,4941,2395,102597,580,102633,757,339,847953
2020-08-13,993505,36850,0,404,5832,2236,99329,376,99674,784,303,742532
2020-08-14,978452,30803,0,363,5481,1934,72744,322,85616,542,258,777358
2020-08-15,943015,26364,0,482,5595,2373,67995,388,75256,281,203,767470
2020-08-16,1042294,20516,0,338,5675,2038,60736,449,96528,455,215,837183
2020-08-17,1011638,34309,0,470,5215,2029,102187,408,105261,764,324,846481
2020-08-18,970751,39509,0,730,5868,2368,105589,539,102566,723,296,734321
2020-08-19,999968,36965,0,649,5867,2259,102785,828,104634,692,289,757033
2020-08-20,969693,36552,1014,479,5853,2211,103103,660,102938,641,278,708948
2020-08-21,1075977,35318,0,501,5861,1785,102821,584,105005,661,174,811589
2020-08-22,1048459,27868,276,422,5861,901,100667,614,103726,368,203,802704
2020-08-23,1032027,26502,0,0,5918,2497,92761,684,93270,369,229,822153
2020-08-24,1094173,41070,0,564,5905,2328,102821,733,102658,750,357,829739
2020-08-25,1087216,36583,0,749,5916,2258,101974,680,102903,681,348,827395
2020-08-26,1074469,38943,0,795,5878,2485,103126,787,103057,648,351,812577
2020-08-27,1098886,39739,0,1001,5858,2391,103436,667,103453,843,333,839921
2020-08-28,1116883,32127,0,779,5842,2342,103262,568,103317,644,255,866891
2020-08-29,1125417,23183,0,670,5964,2570,98434,720,102358,282,210,873624
2020-08-30,1101210,20524,0,881,5944,2425,91958,679,102652,433,203,860644
2020-08-31,1090636,36534,0,561,5778,2202,100906,409,102782,739,335,849726
2020-09-01,1086934,37760,0,753,5604,2526,102852,415,102754,741,346,836523
2020-09-02,1089275,39788,0,423,5599,2547,102777,481,102965,709,298,828310
2020-09-03,1064917,40281,0,806,5640,2417,102863,483,102713,738,313,802105
2020-09-04,1066491,41364,0,619,5640,2263,102348,507,102688,616,274,794720
2020-09-05,1080148,25717,0,592,5729,2626,85959,576,101318,344,221,849351
2020-09-06,1052003,25839,0,661,5914,2298,94174,962,97768,493,236,825794
2020-09-07,1121281,40660,0,884,5860,2193,103498,608,103537,744,297,847852
2020-09-08,1167313,41456,0,817,5167,2516,103786,620,103633,820,295,884154
2020-09-09,1140499,41373,0,1625,386,2539,102261,619,102177,800,307,883668
2020-09-10,1125508,41536,0,1229,4518,2364,99713,825,99733,840,265,871936
2020-09-11,1104878,41424,0,1456,5840,2224,95363,697,100281,664,191,857658
2020-09-12,1125226,33246,0,1268,5861,2599,96084,640,103553,457,131,866202
2020-09-13,1096539,25862,0,1006,5836,2314,77472,732,103274,597,211,870600
2020-09-14,1051991,34132,0,1125,5558,2170,66933,744,103358,717,289,855166
2020-09-15,942954,35340,0,1442,5882,2440,66580,718,99045,469,117,735634
2020-09-16,1086890,26248,0,1137,5954,2573,63741,549,94892,571,80,867045
2020-09-17,1059633,31011,0,1116,5872,2605,3,497,135244,621,206,876617
2020-09-18,1080442,25953,0,1157,5690,2277,61487,597,112966,336,205,867468
2020-09-19,1065687,25451,0,1538,5443,2658,59357,926,102696,434,217,865428
2020-09-20,1072349,20531,0,1617,5977,2624,66241,1370,100976,533,201,861302
2020-09-21,1084368,36639,0,1386,5845,2170,86884,1003,102545,935,289,864296
2020-09-22,1125057,37905,0,1316,5659,2305,89895,798,102546,958,260,876811
2020-09-23,1108489,31928,0,1516,5410,2430,76524,722,102891,945,295,871991
2020-09-24,1089417,41010,0,1540,5597,2086,71793,803,102776,903,307,864873
2020-09-25,1090154,41001,0,1787,5646,2074,93688,845,102374,709,263,843748
2020-09-26,1072639,35869,0,1720,5730,2383,100326,903,102465,238,233,826055
2020-09-27,1071694,25606,0,1380,5794,2311,92999,892,102410,435,211,837575
2020-09-28,1109128,42531,0,2578,5685,2047,101872,1027,104355,970,328,844316
2020-09-29,1093008,43092,0,2661,5600,2407,109936,1099,108500,1096,344,822262
2020-09-30,1097496,42728,0,2974,5781,2406,97864,1905,104341,1130,358,829190
2020-10-01,1029695,46083,0,2439,5501,2257,98312,1443,105191,1197,329,764084
2020-10-02,998372,42054,0,2919,5895,2141,103639,2168,104802,1025,275,742922
2020-10-03,939884,34582,0,2984,5875,2527,97226,512,102351,265,215,690348
2020-10-04,889497,26754,0,2950,5902,2440,95342,790,102808,543,236,646143
2020-10-05,930866,41789,0,2549,5817,2147,109242,1353,111539,1182,354,644301
2020-10-06,890341,43740,0,2685,5773,2498,103027,1366,113268,1259,347,613630
2020-10-07,918959,46346,0,2558,5592,2527,102895,1705,113066,1185,341,636292
2020-10-08,935178,45216,0,1992,5406,2544,102777,1285,113122,1079,328,651814
2020-10-09,1036344,38028,0,1916,6098,2404,93043,1030,109709,869,263,767769
2020-10-10,1046901,27173,0,2196,5940,2529,68484,833,103074,247,196,829917
2020-10-11,1010300,23576,0,2018,5907,2423,80967,915,103131,486,245,783281
2020-10-12,1006493,38354,0,1697,6011,2096,100740,969,106811,928,349,755921
2020-10-13,1011622,42668,0,1801,5240,2481,105920,1033,105921,955,344,738768
2020-10-14,1006592,40327,0,1910,2717,2523,106721,942,106258,946,338,740276
2020-10-15,921550,41252,0,1926,4094,2591,105795,1221,105887,968,303,677161
2020-10-16,935137,41206,0,2229,5167,2612,96224,967,108473,878,269,667633
2020-10-17,952258,32937,0,2173,5287,2666,68622,1190,102909,279,204,716150
2020-10-18,958798,25091,0,2263,5322,2525,87926,715,102886,458,237,728884
2020-10-19,903769,41976,0,1962,6122,2131,112426,708,103157,1023,350,631703
2020-10-20,937578,44033,0,1804,6149,2403,113404,414,103004,1138,330,665629
2020-10-21,958258,42884,0,2301,5840,2563,115085,776,103052,1096,340,691660
2020-10-22,991704,41166,0,2345,6147,2423,117743,1301,103175,1141,290,693103
2020-10-23,980954,36471,0,2773,6117,2277,101808,1609,99475,994,241,726039
2020-10-24,966967,28764,0,2910,6188,2692,79745,1175,106187,299,202,742389
2020-10-25,962420,28356,0,1113,6001,2502,85840,971,102584,156,192,715127
2020-10-26,999083,46396,0,1705,5943,2225,109504,1583,107841,421,326,732534
2020-10-27,973238,46210,0,2712,6175,2444,109924,1115,106761,1165,326,703917
2020-10-28,1004362,45209,0,2203,5971,2498,106920,809,104919,948,317,713652
2020-10-29,1041141,45374,0,2322,5568,2520,105529,1214,104500,1006,326,773092
2020-10-30,1029702,42642,0,3016,6060,2381,104006,1100,104586,948,308,755949
2020-10-31,1036926,36460,0,2930,6144,2350,101446,1606,102632,1083,183,769924
2020-11-01,981199,11956,0,2959,6046,2287,89254,1560,102364,476,183,758465
2020-11-02,1014022,44700,0,3049,5885,2399,106931,1920,106516,1176,207,759776
2020-11-03,1082525,46748,0,3375,5856,2190,103333,1919,107589,1305,263,785328
2020-11-04,958735,44032,0,3879,6016,1384,116016,1690,107346,1327,329,715518
2020-11-05,963895,46312,0,3602,6067,985,112592,1801,107521,1270,346,666641
2020-11-06,1004881,40679,0,3262,5837,1246,107012,1464,105063,1023,339,714880
2020-11-07,871642,31688,0,3021,5093,2347,102471,946,102642,296,292,634854
2020-11-08,879328,34670,0,2760,5826,2409,102470,863,102518,526,198,635219
2020-11-09,925947,43097,0,2761,5905,2326,111989,850,111970,1159,198,645872
2020-11-10,1007067,38589,0,2616,4508,2323,112355,947,112382,1116,269,720564
2020-11-11,945826,37678,0,2412,5249,2105,112279,936,112306,1157,316,696245
2020-11-12,1080565,33722,0,2306,5809,2517,112519,914,112542,1086,328,766235
2020-11-13,1126212,32088,0,2349,5920,2569,111624,935,112016,976,307,841513
2020-11-14,1003837,24488,0,2455,5989,2567,107128,1071,107486,244,243,778610
2020-11-15,993674,24395,0,2457,6078,2540,93015,1099,101381,527,210,745681
2020-11-16,954105,29534,0,2507,5983,2216,97085,1062,99875,1099,213,721811
2020-11-17,1018728,48407,0,2696,5047,2516,90461,1387,1872,1174,273,848615
2020-11-18,954860,48202,0,2689,3972,2505,102170,1625,105100,1259,345,688141
2020-11-19,968341,46752,2110,3405,5533,2353,103675,1331,112346,1239,349,693198
2020-11-20,1041340,44616,0,2789,5963,2129,100130,1236,112219,974,311,765926
2020-11-21,1008877,42771,0,2222,5814,2560,96284,1105,108827,268,213,741898
2020-11-22,960380,30524,825,3003,5969,2449,94208,1271,109739,520,213,724596
2020-11-23,1016612,42896,0,3168,6115,2207,106918,1336,112092,1235,213,748995
2020-11-24,1018437,43866,0,2814,5805,2469,109752,1461,111323,1265,213,741529
2020-11-25,996703,49503,0,2743,5939,2521,110701,1266,107099,1159,318,716845
2020-11-26,1130763,50668,0,2394,5978,2393,102124,1153,105551,977,339,825805
2020-11-27,1142679,42645,0,2451,6006,2216,107021,1082,105844,283,323,853218
2020-11-28,1089309,41406,0,2581,6144,2548,100902,1133,101863,322,206,848887
2020-11-29,1024302,32793,0,2511,6135,2436,100321,1114,101726,559,177,783028
2020-11-30,1079579,51582,0,2992,6331,2161,107483,1300,101842,1275,250,793342
2020-12-01,1125766,52236,0,3432,6183,2495,105153,1240,102123,1195,330,840879
2020-12-02,1145709,50873,0,3874,6125,2570,107065,1134,101998,1216,338,863787
2020-12-03,1122202,53776,0,3061,6234,2458,107860,1323,102167,1195,331,855020
2020-12-04,1143569,50512,0,2971,6171,2149,104176,1377,103033,1040,273,853739
2020-12-05,1041645,47293,0,2881,5725,2528,97431,1219,103134,380,207,800481
2020-12-06,1111704,42602,0,2852,6236,2318,87698,1325,103567,513,262,842558
2020-12-07,979560,53340,0,3158,5912,2286,105768,1500,103461,1223,325,721473
2020-12-08,1020794,54952,0,3563,5192,2452,107694,1405,103242,1289,352,738920
2020-12-09,1154155,54765,0,3733,3601,1966,106867,1438,103262,1346,335,855324
2020-12-10,1102257,51393,0,3389,6367,1927,101820,1495,103247,1168,341,834602
2020-12-11,1136101,47410,0,2565,6243,2461,102166,1320,102901,900,255,861289
2020-12-12,1079678,23274,0,2961,6257,2482,96268,1280,102963,246,198,832732
2020-12-13,1009590,30316,0,2747,6203,2220,97252,1219,103637,512,235,775870
2020-12-14,1034813,65427,0,2596,6252,2307,72116,1065,123767,1130,332,764413
2020-12-15,1108106,40741,0,2824,6339,2487,111911,1341,113293,1208,316,819669
2020-12-16,1076329,40146,0,3714,6353,2446,114115,1104,113365,1106,311,789577
2020-12-17,991567,38930,0,3965,6302,2445,110979,1528,113289,1211,264,723183
2020-12-18,1045392,37769,2412,3610,6251,2369,108582,1325,113405,944,196,770383
2020-12-19,846345,33649,24207,3160,6192,2550,103365,1356,108755,287,180,563996
2020-12-20,859269,32761,26899,2965,5519,2348,98247,1118,103105,505,177,571924
2020-12-21,874718,51051,16027,2575,4591,2264,101728,1129,103162,1194,214,572542
2020-12-22,890802,47710,302,2905,6032,2513,97917,1213,103266,1228,211,615964
2020-12-23,902402,45018,0,3513,5914,2527,98706,1126,103319,794,153,644134
2020-12-24,837493,24377,0,3798,6155,981,75991,1161,95447,186,57,618337
2020-12-25,768871,15787,0,3860,6261,788,81868,1272,100835,221,7,566417
2020-12-26,661660,21094,0,4015,6374,2537,98477,1384,103528,261,0,446069
2020-12-27,644226,26267,0,4224,6325,2563,90096,1789,103614,373,0,413191
2020-12-28,736968,40960,0,4139,6312,2567,97840,1751,103690,410,196,458776
2020-12-29,834905,40012,0,4090,6325,2457,94110,1719,103798,381,209,570937
2020-12-30,932069,31154,0,3593,6314,2544,94774,1656,103613,305,167,670879
2020-12-31,850341,21367,0,4356,5561,1165,67233,1444,94827,207,38,661414
2021-01-01,801090,10096,0,4562,5584,1014,84222,1689,98515,424,38,613000
2021-01-02,731863,26905,0,4528,6112,2560,95012,1822,103695,689,143,514072
2021-01-03,882771,35771,0,4541,5988,2580,93239,1876,103677,655,206,617975
2021-01-04,992561,45263,0,4315,6090,2539,108015,1743,108313,1245,206,709029
2021-01-05,1179269,52659,0,4058,6145,2322,98836,1592,108066,1163,312,849161
2021-01-06,1150832,50398,0,3654,6020,2609,105033,1516,107683,1208,314,861693
2021-01-07,1099797,51719,0,3455,6256,2569,105513,1482,107835,1190,330,838231
2021-01-08,1100840,52064,0,3492,6178,2440,101747,1422,108157,1013,282,819589
2021-01-09,1020943,40651,0,3504,6161,2620,84812,1290,107909,285,238,793428
2021-01-10,1051411,31913,0,3387,6166,2596,83575,1346,108103,521,214,786368
2021-01-11,909131,47862,0,3828,6074,2168,104122,1475,107851,1195,242,668152
2021-01-12,955200,53691,0,3812,6304,2554,108031,1568,107971,1217,305,668481
2021-01-13,998304,53619,0,3844,5589,2576,106498,1475,113003,1157,332,681516
2021-01-14,1051615,52391,0,3187,6381,2527,106347,1489,113099,1170,342,762653
2021-01-15,1051746,48377,0,3919,5919,2283,98383,1482,113267,1063,292,780770
2021-01-16,1009610,36162,0,3314,6524,2612,77330,1317,98509,334,252,751397
2021-01-17,1042123,27407,0,3732,6579,2513,89058,1173,97969,558,226,834540
2021-01-18,1053027,43561,0,3741,6240,2112,102821,0,112315,1115,231,784074
2021-01-19,1091085,50663,0,3068,5469,2534,97012,0,112196,1022,352,817406
2021-01-20,1017352,49836,0,2341,0,2462,101620,0,112256,980,340,761420
2021-01-21,1009978,50745,0,2509,979,2422,105360,0,112298,1008,331,711898
2021-01-22,1056105,43868,0,2728,3125,1842,101517,0,107460,1031,298,798041
2021-01-23,1041485,39390,0,2801,4625,2379,100383,0,102178,514,261,767490
2021-01-24,1113625,33442,0,3033,5520,2302,87255,0,102676,480,243,857290
2021-01-25,1098099,46484,0,2938,5329,2098,102709,1204,108893,1089,276,846793
2021-01-26,1122606,48675,0,3082,5627,2394,105060,1281,108745,1107,294,849923
2021-01-27,1062125,54074,0,2824,6684,2492,104760,1299,110864,1056,279,786428
2021-01-28,1078013,47691,0,2428,5817,2629,110362,1368,106966,1093,279,794556
2021-01-29,1083354,46717,0,2767,5447,2036,108051,1393,106876,1060,242,799112
2021-01-30,1127721,31595,0,2228,5695,2609,100960,1111,105855,468,160,842923
2021-01-31,1074176,31438,0,3128,5739,2604,84034,1146,101904,356,210,853689
2021-02-01,1049841,31584,0,4375,5797,2506,96377,1224,102544,1101,230,830808
2021-02-02,1045444,49749,0,3406,6063,2188,107546,1454,111327,1178,285,765245
2021-02-03,1107267,46585,0,3284,5536,2523,101390,1463,111835,1169,328,832422
2021-02-04,1054933,46450,0,2147,6746,2546,106130,1261,96351,1112,322,803596
2021-02-05,1011134,41944,0,2707,6429,2418,91452,1077,78444,876,325,780475
2021-02-06,1010742,32730,0,2729,6158,2204,41808,1090,80591,308,313,815137
2021-02-07,1003488,31193,0,2698,5219,2494,65660,1173,77956,563,214,829294
2021-02-08,960480,47166,0,2747,5929,2218,106786,1003,106402,1118,237,697143
2021-02-09,1103478,46617,0,2747,5868,2518,111910,1035,110269,1115,303,802755
2021-02-10,1097835,44750,0,2984,4569,2556,108311,949,107849,1101,332,809934
2021-02-11,1034416,48641,0,2937,7076,2509,109712,967,106871,1138,339,759299
2021-02-12,928004,46607,0,3006,6067,2103,100837,1030,110177,1151,324,657500
2021-02-13,921803,35497,0,436,3231,2522,79422,333,104478,539,238,681895
2021-02-14,878713,20417,0,677,2128,2554,60532,625,98427,518,198,691995
2021-02-15,707529,32030,0,886,2118,2238,61610,469,98717,1121,211,549770
2021-02-16,137799,19574,0,350,732,851,15624,353,28030,975,335,117964
2021-02-17,338849,58388,0,0,0,140,0,152,16584,61,331,280971
2021-02-18,418262,44926,0,0,0,0,0,3,7,2,169,361866
2021-02-19,657127,40898,0,281,0,884,72100,0,0,0,79,484885
2021-02-20,619176,33456,0,285,854,1792,88221,0,17732,0,55,490338
2021-02-21,788816,34201,0,2000,1735,2271,79650,0,80370,320,29,536413
2021-02-22,964764,45519,0,2023,4490,2637,95071,0,89792,1051,60,707938
2021-02-23,1010846,49515,0,2049,5113,2635,102217,220,103209,1063,298,760929
2021-02-24,1024318,46537,0,1895,5322,2611,106892,1287,104654,1072,300,750648
2021-02-25,980301,48125,0,2610,4955,2552,102814,1490,102728,1068,290,734215
2021-02-26,955944,48552,3253,2645,5247,2424,99156,1159,102603,1057,274,713524
2021-02-27,706382,41584,58174,2569,4823,2570,106440,1128,102176,476,197,404755
2021-02-28,667923,20196,41195,2638,4701,2571,104273,957,102539,446,178,352725
2021-03-01,1143731,34242,46,3834,5128,2458,114013,792,102840,886,314,778242
2021-03-02,1072915,37449,0,3667,5465,2469,110976,737,103062,978,325,826481
2021-03-03,1061115,49822,0,1552,5422,2577,108079,697,102375,1005,332,787022
2021-03-04,1135877,43136,0,1722,5871,2030,101496,955,103317,960,280,854101
2021-03-05,1063441,36405,0,1795,5407,2494,110461,710,103096,820,220,820721
2021-03-06,1130184,35198,0,1804,5434,2494,94848,947,102379,296,209,865272
2021-03-07,1112719,34624,0,1791,5391,2544,88883,1569,100707,449,269,868145
2021-03-08,1097726,45068,0,1856,5496,2456,99826,1033,103190,1011,338,850099
2021-03-09,1118566,52061,0,1642,6770,2360,97578,1039,103099,992,320,844413
2021-03-10,1119729,51228,0,1784,6811,2549,104678,830,103848,1018,349,852629
2021-03-11,1081767,55955,0,1888,7102,2367,100587,827,108611,939,316,804982
2021-03-12,1093001,50118,0,1853,7116,2171,96668,1046,108347,757,264,828291
2021-03-13,1068266,39693,0,2484,7069,2407,92839,741,103395,244,222,803841
2021-03-14,1062074,31485,0,2377,7040,2407,81808,545,103699,184,208,827700
2021-03-15,1075781,30917,0,2445,7039,2195,83811,565,103487,238,245,849105
2021-03-16,1092298,47314,0,2373,5766,2108,100840,793,102650,306,273,832307
2021-03-17,1118630,50649,0,2253,4422,2329,102627,978,102164,710,274,852532
2021-03-18,1104134,44788,0,2068,6740,2224,97882,237,102381,1016,233,844070
2021-03-19,1105778,50252,0,2294,6269,2129,96752,1295,102298,842,192,829155
2021-03-20,1132412,47426,0,1985,6339,2407,91782,1289,102219,289,173,858573
2021-03-21,1073983,37122,0,2269,6374,2410,86023,842,102450,501,247,857464
2021-03-22,961413,39245,0,2101,6220,2168,105357,666,107273,1073,344,715901
2021-03-23,1040881,39678,0,2053,6290,2052,112820,759,105201,1022,322,758307
2021-03-24,1111039,41819,0,2174,6204,2323,111089,779,102376,1026,338,835613
2021-03-25,1149741,42092,0,2415,6226,2359,112248,941,102011,981,261,861959
2021-03-26,1128951,41513,0,2121,6936,2191,110058,1101,100097,916,207,858304
2021-03-27,1073090,35140,1602,2373,7081,2463,108041,694,93443,328,163,829330
2021-03-28,1066762,27576,3100,2242,7154,2474,106502,385,90093,458,191,809142
2021-03-29,1089339,41404,0,1850,7142,2151,109947,972,97964,839,268,837636
2021-03-30,1038239,48968,2407,1700,7054,2180,110609,892,90816,789,280,825240
2021-03-31,1110361,50791,33178,1647,7054,2498,120154,513,79806,939,261,769076
2021-04-01,464066,42227,44466,1686,6720,2427,100521,758,72612,890,261,270581
2021-04-02,465282,40964,38247,1921,7081,2174,101286,700,65037,338,166,203552
2021-04-03,452251,39640,35296,2301,6811,2366,97741,671,60897,225,34,204474
2021-04-04,476877,42336,36782,2184,7030,2458,103240,933,62924,473,47,218876
2021-04-05,1060793,59364,36853,1921,6670,2334,117274,609,84446,920,244,656220
2021-04-06,1040345,55709,6855,1749,6993,2331,111959,627,90175,945,231,805749
2021-04-07,1017585,63323,490,1613,6901,2519,113876,545,83562,981,248,719493
2021-04-08,1069621,61071,22042,1655,6894,2421,113339,551,79971,932,232,780112
2021-04-09,1136550,56192,0,1517,6161,2049,107094,549,78713,729,183,853243
2021-04-10,1073667,53359,0,1773,5673,2521,79071,591,71961,258,194,855689
2021-04-11,970012,45487,0,1867,5412,2522,89329,577,76350,472,194,767568
2021-04-12,1061113,61747,12625,1560,6459,2168,118150,619,76635,902,255,759038
2021-04-13,1141770,59241,21231,1735,6109,2347,117482,524,71112,923,232,843929
2021-04-14,1071005,53850,50063,1273,3563,2522,119491,171,72240,872,232,797545
2021-04-15,1119335,59847,49131,1489,7097,2406,130656,311,67297,905,205,792483
2021-04-16,1099642,58658,46388,1198,7046,2204,112042,546,67292,691,189,800162
2021-04-17,1086783,49222,25350,1646,6843,2537,78459,435,67900,234,144,830671
2021-04-18,1076856,44420,0,1794,6689,2224,93672,486,70748,479,140,847164
2021-04-19,1096572,53421,0,2074,6779,2451,133349,520,66344,969,184,839780
2021-04-20,1081182,59153,0,2116,6806,2147,130011,487,65904,1025,201,824689
2021-04-21,992215,63045,0,2328,6760,2561,124299,558,65347,930,243,735779
2021-04-22,929982,65552,0,1948,6740,2444,128327,552,59019,953,234,659288
2021-04-23,1033933,63078,0,1869,6562,1967,114389,511,60581,832,214,759441
2021-04-24,989194,53623,0,1538,6888,2533,88861,570,59220,283,170,770008
2021-04-25,1035904,43566,376,1626,7015,2537,107375,497,61236,423,197,817797
2021-04-26,973275,60124,30399,1579,7085,2362,133060,463,61478,834,248,691253
2021-04-27,1037251,55225,39735,1505,5211,2199,135738,330,57541,808,263,734039
2021-04-28,1116214,57328,66516,1368,4984,2564,141342,178,52636,710,254,792964
2021-04-29,1050203,56042,94299,1551,5364,2271,143887,171,49779,768,239,727285
2021-04-30,945164,57535,63859,1461,6232,1819,143418,187,45189,698,105,665151
2021-05-01,464066,42227,44466,1588,6720,2427,100521,0,72612,890,261,270581
2021-05-02,465282,40964,38247,1862,7081,2174,101286,700,65037,338,166,203552
2021-05-03,452251,39640,35296,1607,6811,2366,97741,671,60897,225,34,204474
2021-05-04,476877,42336,36782,1907,7030,2458,103240,933,62924,473,47,218876
2021-05-05,1090529,54452,76331,1358,6946,1897,154151,479,40034,866,223,704605
2021-05-06,982023,57458,26163,1525,6891,1388,134777,452,46097,840,192,705594
2021-05-07,926599,57509,0,1176,6143,1998,143111,461,43679,751,175,694318
2021-05-08,868611,53153,0,1674,5411,2452,143063,610,39424,281,165,637234
2021-05-09,911878,38453,0,1516,5406,2416,149138,611,37196,465,81,644609
2021-05-10,935685,38154,8572,1575,6423,2379,158420,611,37698,849,152,680189
2021-05-11,1064765,55427,40763,1873,5401,2368,158480,620,37406,829,185,748860
2021-05-12,993783,52654,63471,1272,2937,2559,158676,616,35603,878,180,709938
2021-05-13,996193,55705,72340,1833,6137,2445,152471,849,39475,901,196,643345
2021-05-14,1066088,61875,0,1824,7159,2266,150221,819,42330,685,181,769027
2021-05-15,1030334,60451,0,1484,6987,2571,141571,630,40548,251,129,788667
2021-05-16,1041865,60087,0,1676,6786,2569,128103,554,39108,417,173,792046
2021-05-17,1000701,61792,15326,1434,6839,2370,157872,544,36309,830,204,750799
2021-05-18,1123400,63409,41417,1207,6503,2271,152874,500,35757,886,204,768954
2021-05-19,1141277,65967,36238,1374,6904,2600,153528,425,36698,635,188,830953
2021-05-20,1090037,63494,44214,1193,7012,2424,153563,276,34788,911,204,797714
2021-05-21,1126437,62755,52490,1213,7068,2220,142690,547,33287,762,194,796288
2021-05-22,1056991,63750,45897,1103,6600,2201,126621,548,33758,336,177,804194
2021-05-23,1043992,61085,49339,1096,5492,2429,130772,301,32240,443,185,744012
2021-05-24,1131856,64201,64751,870,6979,2417,146280,534,33245,828,252,806319
2021-05-25,1151664,63588,83486,868,7254,2322,153280,441,31587,854,250,806524
2021-05-26,1155579,61597,91508,734,6671,2313,153404,536,30564,808,248,819128
2021-05-27,1157388,60611,86010,962,6616,2429,153603,392,29569,804,220,812012
2021-05-28,1147122,59502,85381,882,5833,2282,158631,532,28721,708,195,796777
2021-05-29,1151091,59879,84666,774,5727,2519,144278,540,28623,277,153,793403
2021-05-30,1112358,60175,63956,891,5677,2527,127971,492,28975,423,173,840843
2021-05-31,1102489,53598,105542,788,5209,2546,129414,390,63686,893,251,773079
2021-06-01,1022984,49980,103409,732,5631,1731,125075,468,72094,774,236,657699
2021-06-02,1090386,51573,96237,912,6534,1644,125747,403,71913,768,265,730882
2021-06-03,1104481,50597,92232,809,6494,2515,123741,622,67821,891,248,769226
2021-06-04,1065409,49873,93466,741,6515,2403,128276,562,69123,804,219,699209
2021-06-05,1073729,49655,104401,889,6947,2307,118496,773,66524,315,172,705250
2021-06-06,1132566,51273,102463,774,6824,2450,99069,378,66010,477,179,795362
2021-06-07,1034280,49917,115599,735,6992,2315,130355,654,65941,853,272,669762
2021-06-08,1009815,49329,85251,858,6099,2243,123748,448,63841,846,304,665191
2021-06-09,973623,49258,57770,802,2425,2514,139162,557,62586,846,307,653754
2021-06-10,985397,48803,55630,902,5698,2260,137577,538,59888,892,271,665502
2021-06-11,946818,47638,96653,794,5768,2147,129726,5,57847,698,221,636953
2021-06-12,1043291,48158,104834,817,6217,2490,127576,668,56908,275,199,670996
2021-06-13,1064556,36844,106109,819,6364,2524,123292,867,54959,407,221,731170
2021-06-14,1019651,54843,105614,918,5814,2297,138617,714,54550,871,348,654357
2021-06-15,1044150,55435,95682,937,6640,2173,134216,604,54030,931,314,681313
2021-06-16,1062285,54993,95321,896,7214,2501,136296,606,54454,958,340,712230
2021-06-17,1072766,55562,111512,1173,7256,2245,142768,889,52380,877,298,708284
2021-06-18,1098570,54985,85697,912,6385,2091,142218,584,50090,709,162,738154
2021-06-19,1082574,50520,54360,1177,7168,2459,127706,764,50327,261,42,798864
2021-06-20,993601,48057,52799,1064,7038,2476,113344,983,48614,455,108,725701
2021-06-21,946862,56784,67765,997,5721,2145,150838,559,45991,844,327,624700
2021-06-22,994670,57045,88230,854,5547,2179,136382,568,44177,905,347,647506
2021-06-23,1020387,56872,105218,874,5444,2531,143789,607,43017,841,313,645248
2021-06-24,1073081,59928,72774,873,5571,2401,132578,897,43242,806,247,735744
2021-06-25,1091418,61647,41637,787,5692,2096,127231,480,43498,732,68,821137
2021-06-26,993372,56875,52017,695,5703,2527,128155,883,40480,234,65,730826
2021-06-27,1005632,38027,51792,906,5752,2428,137374,865,39366,417,136,687448
2021-06-28,1075747,59916,52825,741,5691,2128,144204,638,39883,849,339,758868
2021-06-29,1065134,59968,53614,835,6514,2219,138137,637,38654,852,337,770689
2021-06-30,1086878,62366,53390,871,7117,2568,138597,962,38722,875,322,757242
2021-07-01,1025822,60237,52369,840,7067,2470,143578,655,36152,884,291,730968
2021-07-02,1055181,59756,38322,604,7066,2176,146883,646,34056,794,235,757906
2021-07-03,910221,57237,16696,579,7014,2530,134075,744,33339,264,211,682261
2021-07-04,906383,56782,54261,599,7060,2509,129024,847,33095,476,199,625338
2021-07-05,945512,61229,58770,607,7027,2393,160242,691,32997,878,307,600208
2021-07-06,953044,56461,61385,706,5944,2160,161233,798,31798,837,287,618981
2021-07-07,1054329,55931,97784,617,2841,2462,160276,849,29951,864,233,691896
2021-07-08,1008515,55280,77444,597,6168,2271,167154,571,28988,846,116,651088
2021-07-09,977215,54921,35139,726,6870,1978,159868,991,27513,887,116,716383
2021-07-10,942745,51928,32770,665,6905,2502,158843,1160,25050,466,49,656051
2021-07-11,958723,52972,0,666,7097,2507,143558,906,24233,460,138,703537
2021-07-12,1019570,56419,0,674,7100,2063,165619,594,25163,909,285,740698
2021-07-13,988677,55892,0,725,7070,2236,132292,600,65471,887,325,739657
2021-07-14,884305,53379,0,755,7135,2528,97453,702,102347,924,337,614601
2021-07-15,1035486,55251,0,631,7250,2287,96902,430,99987,905,302,750764
2021-07-16,1082141,48137,3285,588,7165,2165,96693,648,98811,702,251,819868
2021-07-17,1036151,44017,50364,376,6653,2505,91998,1039,97894,304,213,743130
2021-07-18,990819,41638,36323,576,7189,2517,82532,512,95851,329,228,731331
2021-07-19,988849,48184,57191,634,7175,2270,103915,575,93076,301,340,669188
2021-07-20,960505,48144,105659,629,7199,2191,109183,547,94451,308,335,597849
2021-07-21,1032981,46066,105090,603,5917,2083,104881,640,94026,346,347,653272
2021-07-22,1002403,47881,86471,1033,7324,2330,98182,492,92769,399,303,663442
2021-07-23,915365,45598,31763,898,7370,2281,99577,774,88483,370,227,642042
2021-07-24,913531,36353,59084,638,7399,2517,73720,602,86182,540,146,652784
2021-07-25,899228,38540,52615,788,5403,2265,89416,607,86283,600,157,626538
2021-07-26,892031,49005,59828,589,7008,1382,114956,623,82945,871,306,571725
2021-07-27,1003975,51491,43257,898,7501,2032,110872,628,86516,872,296,657209
2021-07-28,1062863,52851,48653,634,7510,2570,109859,627,86679,877,68,768999
2021-07-29,1084008,51787,28988,656,7501,2498,97092,639,97465,857,66,779210
2021-07-30,1050563,51298,1476,904,7483,2407,93081,657,95283,621,39,803074
2021-07-31,982758,42393,36428,530,7455,2558,91409,694,93556,245,22,698276
2021-08-01,910258,31820,54135,609,7325,2550,81756,744,92634,412,97,655585
2021-08-02,910848,45386,56359,983,7084,2345,103259,718,93221,469,212,583319
2021-08-03,945651,46388,55171,878,6454,2398,106046,663,96539,450,243,608255
2021-08-04,1078500,47085,56990,474,3479,2600,102258,880,92635,415,242,772832
2021-08-05,1125566,47318,52726,88,7466,2406,94450,890,90228,496,247,844110
2021-08-06,1014034,45006,52632,223,7436,2267,92528,711,89623,496,234,729630
2021-08-07,910989,43248,52567,170,7249,2590,86684,675,90540,548,179,622425
2021-08-08,890197,42445,53357,411,6007,2602,88275,678,89106,469,175,603250
2021-08-09,919742,49339,52918,333,6987,2456,98914,671,89822,811,54,601913
2021-08-10,1077755,57014,52980,592,7368,2297,84156,670,90677,881,186,754488
2021-08-11,1006687,55196,52980,510,7250,2639,80672,674,87871,928,133,732735
2021-08-12,1027737,54623,52991,466,6420,2000,90731,669,89953,886,133,722615
2021-08-13,1008267,54370,52884,423,6662,963,92835,681,89737,732,29,709881
2021-08-14,942117,46285,36378,503,7102,2556,92815,671,88581,274,29,650980
2021-08-15,944026,39350,3579,450,6073,2592,89063,671,89254,456,93,713443
2021-08-16,973955,48996,78551,495,6229,2276,101497,661,96268,873,232,625782
2021-08-17,1101286,49502,54003,300,6019,2136,95340,666,95607,901,241,778325
2021-08-18,1088297,50004,53158,318,4466,2467,89546,640,97621,879,231,779199
2021-08-19,933580,47718,52810,281,6201,2332,94506,644,96885,909,232,667207
2021-08-20,875832,45496,53542,379,6345,2032,98048,645,94940,811,226,542607
2021-08-21,908815,41217,57085,233,6133,2430,97939,600,96771,269,197,596161
2021-08-22,959195,32434,53795,281,6060,2435,86417,557,95306,416,205,669995
2021-08-23,999781,43293,73911,394,5564,2244,101101,599,94774,891,236,690835
2021-08-24,1136045,49533,55376,525,6061,2088,105152,603,92032,900,218,810380
2021-08-25,939679,47984,53948,582,7121,2481,98097,602,92994,915,257,653742
2021-08-26,969467,47149,54972,462,7172,2299,105055,665,92596,980,273,644147
2021-08-27,964498,45893,55725,542,7170,1756,102456,755,89889,807,254,656588
2021-08-28,887057,43653,59922,324,7296,2379,95036,895,91613,297,141,591781
2021-08-29,887752,34547,56699,360,7295,2487,93630,520,89617,424,141,595005
2021-08-30,885678,47630,52726,471,7200,2490,104391,615,88054,867,313,575735
2021-08-31,921762,54609,56191,529,7217,2505,78953,623,90256,866,306,614735
2021-09-01,953980,54470,57057,454,7241,2493,75278,773,81617,928,299,662846
2021-09-02,969950,54294,53058,174,7272,2354,82120,846,88206,899,270,718122
2021-09-03,938428,51202,55752,559,7283,2183,95409,788,91112,778,250,617387
2021-09-04,897297,50220,53716,541,7235,2502,69894,927,92104,354,150,612547
2021-09-05,875830,33461,53097,569,7191,2527,83687,982,90377,470,164,600049
2021-09-06,929483,52960,56851,559,7012,2380,95486,937,93851,939,300,597499
2021-09-07,981271,52148,55476,196,6865,2335,95935,1232,94732,899,302,670960
2021-09-08,939648,50291,13000,276,7101,2107,94291,802,91179,643,299,676292
2021-09-09,908004,50767,0,706,7153,2263,97069,556,94071,620,289,659435
2021-09-10,913989,45522,1230,666,7192,2489,100906,625,89274,415,272,658564
2021-09-11,930055,48232,46637,824,7187,2519,88059,1154,88012,385,223,642737
2021-09-12,950448,50099,54370,826,7226,2515,81805,1339,88937,478,247,669820
2021-09-13,913259,48366,55692,839,6103,2397,114010,983,86831,521,337,592665
2021-09-14,943949,47768,57172,843,3078,2314,111188,638,84402,527,332,623304
2021-09-15,952872,46214,54430,928,6904,2450,110243,502,81715,386,124,645578
2021-09-16,889555,39264,53613,799,6909,2233,83094,524,83861,467,50,622780
2021-09-17,859566,52316,27919,846,6079,2273,99483,874,85372,468,50,584961
2021-09-18,906368,52004,0,823,5826,2474,82072,886,82805,247,34,671569
2021-09-19,953072,53005,0,810,5754,2502,82723,551,83623,276,96,695667
2021-09-20,889639,51811,5070,822,6310,2332,92667,601,96484,884,274,656883
2021-09-21,810939,49921,150,958,7092,2090,92851,772,96514,863,311,556751
2021-09-22,918814,50876,0,1042,6921,2537,99010,783,95551,861,297,639390
2021-09-23,992197,51441,0,913,7256,2234,95536,772,92874,844,243,748682
2021-09-24,899203,50744,3244,1082,7258,2059,87500,702,96875,832,216,662182
2021-09-25,892997,47720,51773,1020,6790,2461,81523,630,89017,379,179,603598
2021-09-26,924934,48660,52790,1132,7251,2477,80525,798,89456,433,209,633583
2021-09-27,867091,49349,51848,1190,7055,2250,103021,814,95541,881,287,585943
2021-09-28,966421,56289,52179,1088,5909,2112,98398,598,98905,895,230,613209
2021-09-29,955444,52977,25782,1119,2699,2426,83169,654,96331,829,245,688966
2021-09-30,974467,51201,0,1203,6564,2269,97178,647,93013,906,239,707116
