Date,E010,E013,E014,E015,E135,E159,E162,E183,PAYBACK1,V020,V021,WR1610
2019-09-01,3181.52,35796.07,0,128.32,0,79.99,641.6,0,0,36265,4084.24,0
2019-09-02,0,35796.07,0,128.32,0,79.99,641.6,0,0,36265,861.04,0
2019-09-03,14274.67,35796.07,0,128.32,0,79.99,641.6,0,0,36265,15322.71,0
2019-09-04,15955.51,29467.86,0,128.32,0,79.99,641.6,0,0,29853.89,17025.57,0
2019-09-05,31999.63,29467.86,0,128.32,0,79.99,641.6,0,0,29853.89,33279.87,0
2019-09-06,30000.11,28682.64,0,128.32,0,79.99,641.6,0,0,32223.56,28088.97,0
2019-09-07,172.88,31780.85,0,128.32,0,79.99,641.6,0,0,32197.17,1036.18,0
2019-09-08,30000.11,31780.85,0,128.32,0,79.99,641.6,0,0,32197.17,31254.15,0
2019-09-09,28731.7,30224.95,0,128.32,0,79.99,641.6,0,0,35263.2,25326.83,0
2019-09-10,35588.36,30224.97,0,128.32,0,79.99,641.6,0,0,34216.56,33319.96,0
2019-09-11,32980.56,31719.41,0,128.32,0,79.99,641.6,0,0,32134.93,34273.64,0
2019-09-12,33000.44,29307.08,0,128.32,0,79.99,641.6,0,0,29691,34293.78,0
2019-09-13,32962.85,27923.44,0,128.32,0,79.99,641.6,0,0,28289.24,34255.7,0
2019-09-14,7152.4,32749.38,0,128.32,0,79.99,641.6,0,0,33178.4,8107.14,0
2019-09-15,26260.33,32749.36,0,128.32,0,79.99,641.6,0,0,52128.26,8515.5,0
2019-09-16,10490.17,32749.36,0,128.32,0,79.99,641.6,0,0,33312.37,11354.64,0
2019-09-17,8350.08,34111.53,0,128.32,0,79.99,641.6,0,0,42998.87,880.03,0
2019-09-18,2493.15,31677.74,0,128.32,0,79.99,641.6,0,0,33300.76,2178.81,0
2019-09-19,17429.11,30998.75,0,128.32,0,79.99,641.6,0,0,37178.1,12745.2,0
2019-09-20,25088.79,38308.16,0,128.32,0,79.99,641.6,0,0,47250.48,17838.01,0
2019-09-21,0,0,0,0,0,0,0,0,0,0,0,0
2019-09-22,21570.91,30998.72,0,67.27,0,79.99,641.6,0,0,46831.89,7225.59,0
2019-09-23,19787.96,30998.75,0,0,0,79.99,641.6,0,0,34475.04,17708.01,0
2019-09-24,0,0,0,0,0,0,0,0,0,0,0,0
2019-09-25,5685.1,30998.75,0,128.32,0,79.99,641.6,0,0,32590.72,5434.73,0
2019-09-26,8752.07,30120.83,0,128.32,0,79.99,641.6,0,0,34704,5539.18,0
2019-09-27,4505.17,31093.52,0,128.32,0,79.99,641.6,0,0,31500.84,5425.23,0
2019-09-28,8748.93,29680.31,0,128.32,0,79.99,641.6,0,0,33234.3,6559.4,0
2019-09-29,0,29680.31,0,128.32,0,79.99,641.6,0,0,30069.13,861.04,0
2019-09-30,4509.33,28753.45,0,128.32,0,79.99,641.6,0,0,30532.3,4027.27,0
2019-10-01,3762.64,29680.31,0,0,0,100,789.66,0,0,31824.75,2957.62,0
2019-10-02,3125.29,29680.31,0,0,0,100,789.66,0,0,31827.91,2308.76,0
2019-10-03,0,29680.31,0,0,0,100,789.66,0,0,30069.12,901.31,0
2019-10-04,0,29680.31,0,26.73,0,100,789.66,0,0,30069.12,928.39,0
2019-10-05,0,29680.19,0,128.32,0,100,789.66,0,0,30069,1031.31,0
2019-10-06,0,29680.31,0,128.32,0,100,789.66,0,0,30069.13,1031.31,0
2019-10-07,0,29680.31,0,128.32,0,100,789.66,0,0,30069.12,1031.31,0
2019-10-08,14999.5,29680.31,0,128.32,0,100,789.66,0,0,30069.12,16227.3,0
2019-10-09,3351.28,29680.31,0,128.32,0,100,789.66,0,0,31827.91,2667.71,0
2019-10-10,16875.11,29680.31,0,128.32,0,100,789.66,0,0,33925.35,14271.26,0
2019-10-11,14658.99,38308.16,0,128.32,0,100,789.66,0,0,38810,15882.34,0
2019-10-12,6251.63,36634.09,0,263.55,0,92.59,727.27,0,0,40280.24,4264.89,0
2019-10-13,3473.13,36634.09,0,263.66,0,92.1,727.31,0,0,38872.79,2857.1,0
2019-10-14,3534.57,36634.09,0,263.66,0,92.1,727.31,0,0,38894.94,2897.19,0
2019-10-15,0,30982.13,0,286.25,0,100,789.66,0,0,31388,1191.31,0
2019-10-16,17995.62,30982.13,0,286.25,0,100,789.66,0,0,39073.06,11737.61,0
2019-10-17,25000.27,30982.13,0,286.25,0,100,789.66,0,0,56715.77,1191.31,0
2019-10-18,3127.38,30354.36,0,286.25,0,100,789.66,0,0,32511.84,2599.82,0
2019-10-19,11081.72,31191.39,0,286.25,0,100,789.66,0,0,40040.48,3977.72,0
2019-10-20,19848.35,31191.39,0,286.25,0,100,789.66,0,0,39886.42,13013.26,0
2019-10-21,14738.1,31191.39,0,286.25,0,100,789.66,0,0,39104.62,8617.86,0
2019-10-22,0,33703.48,0,286.25,0,100,789.66,0,0,34145,1191.31,0
2019-10-23,0,33703.3,0,286.25,0,100,789.66,0,0,34144.81,1191.31,0
2019-10-24,0,34540.52,0,286.25,0,100,789.66,0,0,34993,1191.31,0
2019-10-25,15292.17,31518.11,0,286.25,0,196.88,789.66,0,0,31931,16781.96,0
2019-10-26,8331.34,29327.81,0,286.25,0,143.17,789.66,0,0,38152.48,1235.04,0
2019-10-27,24681.59,29327.81,0,286.25,0,143.17,789.66,0,0,54716.92,1235.04,0
2019-10-28,16662.68,29327.81,0,286.25,0,143.17,789.66,0,0,46592.96,1235.04,0
2019-10-29,22004.11,26187.94,0,286.25,0,220.19,789.66,0,0,48823.36,1313.07,0
2019-10-30,19137.09,27025.96,0,286.25,0,202.79,789.66,0,0,46767.78,1295.45,0
2019-10-31,3007.61,26398.18,0,286.25,0,200,789.66,0,0,28502.79,2580.84,0
2019-11-01,28301.56,27653.74,0,286.25,0,307.87,917.98,0,0,36456.48,21763.73,0
2019-11-02,6667.15,28118.65,0,286.25,0,381.66,917.98,0,0,35241.49,1606.66,0
2019-11-03,17543.72,28118.65,0,286.25,0,381.66,917.98,0,0,35709.94,12157.26,0
2019-11-04,1389.25,28118.65,0,286.25,0,381.66,917.98,0,0,29894.45,1606.66,0
2019-11-05,0,27699.14,0,286.25,0,360.7,917.98,0,0,28062,1585.42,0
2019-11-06,0,28067.32,0,286.25,0,246.76,917.98,0,0,28435,1469.99,0
2019-11-07,12479.31,27230.28,0,286.25,0,252.85,917.98,0,0,34010.21,7695.74,0
2019-11-08,0,28485.84,0,286.25,0,252.84,917.98,0,0,28859,1476.15,0
2019-11-09,2778.5,30772.88,0,286.25,0,186.77,917.98,0,0,32934.79,2465.34,0
2019-11-10,4999.85,30772.88,0,286.25,0,186.77,917.98,0,0,34341.18,3309.38,0
2019-11-11,25000.27,30772.88,0,286.25,0,186.77,917.98,0,0,39616.48,18296.51,0
2019-11-12,9610.2,36215.58,0,286.25,0,244.94,917.98,0,0,38635.53,9258.71,0
2019-11-13,0,35796.07,0,286.25,0,235.02,917.98,0,0,36265,1458.1,0
2019-11-14,19248.52,37680.39,0,283.7,0,245.72,909.81,0,0,57674.67,1458.09,0
2019-11-15,19791.1,36424.84,0,272.21,0,294.07,872.95,0,0,45403.67,13006.78,0
2019-11-16,0,36634.09,0,227.42,0,330.18,881.45,0,0,37114,1457.9,0
2019-11-17,0,36634.09,0,227.42,0,330.18,881.45,0,0,37114,1457.9,0
2019-11-18,0,36634.09,0,227.49,0,330.19,881.54,0,0,37114,1458.08,0
2019-11-19,25162.69,37680.39,0,230.3,0,316.52,892.42,0,0,53364.71,11759.71,0
2019-11-20,29786.62,36634.09,0,229.14,0,322.21,887.89,0,0,66075.4,2673.52,0
2019-11-21,9459.2,37052.61,0,236.9,0,492.95,752.18,0,0,47121.11,1501.44,0
2019-11-22,30307.33,37680.39,0,236.9,0,457.7,917.98,0,0,63153.6,7358.46,0
2019-11-23,3578.32,35796.07,0,227.03,0,321.41,917.98,0,0,39256.1,2119.71,0
2019-11-24,2083.88,35796.07,0,227.03,0,321.41,917.98,0,0,38023.79,1838.01,0
2019-11-25,26999.79,35796.07,0,227.03,0,321.41,917.98,0,0,44705.48,20398.63,0
2019-11-26,26779.99,34959.04,0,227.03,0,372.96,917.98,0,0,43857.48,20228.18,0
2019-11-27,24994.99,37052.61,0,227.03,0,246.69,917.98,0,0,44590,19680.34,0
2019-11-28,28888.84,37052.61,0,227.03,0,284.01,917.98,0,0,66805.28,1447.73,0
2019-11-29,14100.78,37052.61,0,225.15,0,255.78,910.39,0,0,45978.48,7254.57,0
2019-11-30,28751.38,37052.61,0,227.03,0,103.52,917.98,0,0,60915.95,7014.96,0
2019-12-01,16907.36,35636.16,0,227.03,0,215.69,1036.42,0,0,53231.85,1498.52,0
2019-12-02,0,35418.51,0,227.03,0,215.69,1036.42,0,0,35882.49,1498.52,0
2019-12-03,0,34959.04,0,227.03,0,283.87,1036.42,0,0,35417,1567.59,0
2019-12-04,27936.02,34402.08,0,227.03,0,302.81,1036.42,0,0,57971.23,6770.29,0
2019-12-05,0,36011.25,0,227.03,0,276.53,1036.42,0,0,36483,1560.15,0
2019-12-06,0,36011.25,0,227.03,0,197.07,1036.42,0,0,36483,1479.65,0
2019-12-07,0,36159.31,0,187.54,0,174.81,1036.42,0,0,36633,1417.1,0
2019-12-08,30149.04,36001.7,0,187.54,0,174.81,1036.42,0,0,67017.31,1417.1,0
2019-12-09,29313.82,36117.29,0,187.54,0,174.81,1036.42,0,0,64924.07,2781.29,0
2019-12-10,27565.2,32924.32,0,187.54,0,463.45,1036.42,0,0,60605.64,2385.81,0
2019-12-11,21548.95,32861.83,0,187.54,0,410.89,1036.42,0,0,33292.32,23487.51,0
2019-12-12,28989.85,30359.29,0,187.54,0,336.8,1036.42,0,0,51744.19,9963.64,0
2019-12-13,29874.1,30777.81,0,187.54,0,217.98,1036.42,0,0,49563.31,13343.98,0
2019-12-14,30000.11,30467.87,0,187.54,0,261.44,1036.42,0,0,39307.48,23457.49,0
2019-12-15,30000.11,30467.87,0,187.54,0,261.44,1036.42,0,0,39307.48,23457.49,0
2019-12-16,30000.11,30475.77,0,187.54,0,261.44,1036.42,0,0,39315.48,23457.49,0
2019-12-17,11246.31,30359.29,0,187.54,0,395.42,1036.42,0,0,33918,9873.23,0
2019-12-18,29068.97,26887.24,0,187.54,0,361.05,1036.42,0,0,35557.53,22737.48,0
2019-12-19,25000.27,33289.9,0,187.54,0,361.83,1036.42,0,0,42166.48,18493.86,0
2019-12-20,31999.63,30686.01,0,187.54,0,424.29,1036.42,0,5207.09,39528.48,30923.5,0
2019-12-21,31999.63,29940.78,0,157.93,0,351.41,1036.42,0,5207.09,38773.48,30819.66,0
2019-12-22,31999.63,30359.29,0,157.93,0,351.41,1036.42,0,5207.09,39197.48,30819.66,0
2019-12-23,31999.63,32871.39,0,157.93,0,351.41,1036.42,0,5207.09,41742.48,30819.66,0
2019-12-24,31999.63,26700.23,0,157.93,0,451.83,1036.42,0,5207.09,35490.48,30921.4,0
2019-12-25,31999.63,28684.24,0,0,0,415.3,1036.42,0,5207.09,37500.48,30724.39,0
2019-12-26,31999.63,28651.66,0,146.09,0,347.15,958.54,0,5207.09,37467.48,30724.45,0
2019-12-27,31999.63,27427.7,0,157.93,0,257.91,1036.42,0,5207.09,36227.48,30724.94,0
2019-12-28,31999.63,24907.51,0,157.64,0,301.44,1036.42,0,5207.09,33674.28,30768.74,0
2019-12-29,31999.63,27207.58,0,187.54,0,301.44,1036.42,0,5207.09,36004.48,30799.04,0
2019-12-30,31999.63,26591.65,0,187.54,0,301.44,1036.42,0,5207.09,35380.48,30799.04,0
2019-12-31,31999.63,34259.7,0,187.54,0,360.7,1036.42,0,5207.09,43155.48,30859.07,0
2020-01-01,26792.55,24806.04,0,0,0,258.39,1036.42,0,5207.09,33571.48,25290.12,0
2020-01-02,26792.55,27186.85,0,187.54,0,225.05,1036.42,0,5207.09,35983.48,25446.35,0
2020-01-03,26792.55,24806.04,0,187.54,0,216.75,1036.42,0,5207.09,33571.48,25437.94,0
2020-01-04,31000,24806.04,0,157.93,0,290.6,1036.42,0,6206.72,33571.48,30758.06,0
2020-01-05,29121.23,24806.04,0,157.93,0,290.6,1036.42,0,6206.72,31668.1,30758.06,0
2020-01-06,30656.3,25996.45,0,157.93,0,290.6,1036.42,0,6206.72,34429.28,30758.06,0
2020-01-07,35000,27981.44,0,157.93,0,409.26,1036.42,0,5176.84,39396.59,31279.19,0
2020-01-08,30289.59,27981.44,0,157.93,0,289.22,1036.42,0,4999.8,36788.48,28814.21,0
2020-01-09,12367.84,27981.44,0,157.93,0,243.39,1036.42,0,0,30948.71,11385.73,0
2020-01-10,12770.9,30759.06,0,157.93,0,381.38,1036.42,0,0,42410,3286.59,0
2020-01-11,29000.35,31614.85,0,187.54,0,351.51,1036.42,0,0,53732.64,9272.73,0
2020-01-12,33927.3,29965.45,0,187.54,0,351.51,1036.42,0,0,45066.59,21259.26,0
2020-01-13,33945,29965.45,0,187.54,0,351.51,1036.42,0,0,43536.75,22807.04,0
2020-01-14,34999.96,33140.86,0,187.54,0,486.39,1036.42,0,0,42015.48,28750.74,0
2020-01-15,29727.18,31269.47,0,187.54,0,383.06,1036.42,0,0,40010.89,23412.9,0
2020-01-16,28546.11,32400.48,0,187.54,0,352.74,1036.42,0,4685.42,40736.8,27352.36,0
2020-01-17,30820.03,31949.46,0,187.54,0,381.65,1036.42,0,4871.38,50003.33,20150.29,0
2020-01-18,30000.11,29171.85,0,187.54,0,349.74,1036.42,0,0,37994.48,23546.95,0
2020-01-19,30000.11,28775.05,0,187.54,0,349.74,1036.42,0,5033.17,42691.59,23546.95,0
2020-01-20,30000.11,29568.65,0,187.54,0,349.74,1036.42,0,0,38396.48,23546.95,0
2020-01-21,29667.87,16981.31,0,170.44,0,461.26,941.88,0,0,25307.65,23546.82,0
2020-01-22,27999.55,32871.39,0,187.54,0,513.72,1036.42,0,0,41742.48,21686.31,0
2020-01-23,25041.92,37052.48,0,187.54,0,524.9,1036.42,0,0,50549.93,14129.7,0
2020-01-24,34248.05,37451.35,0,187.54,0,487.89,1036.42,0,0,46382.44,27990.5,0
2020-01-25,27999.55,29595.89,0,157.93,0,375.95,1036.42,0,0,38424.08,21516.73,0
2020-01-26,27999.55,30347.86,0,157.93,0,375.95,1036.42,0,0,39185.9,21516.73,0
2020-01-27,27851.25,32451.88,0,157.93,0,375.95,1036.42,0,3916.08,41317.48,25333.87,0
2020-01-28,29000.35,31604.85,0,157.93,0,493.61,1036.42,0,0,40459.35,22649.86,0
2020-01-29,29980.33,31610.06,0,157.93,0,445.87,1036.42,0,0,42162.22,21896.71,0
2020-01-30,25872.71,31166.41,0,157.93,0,532.3,1036.42,0,4824.01,55514.98,8907.83,0
2020-01-31,17901.93,32452.56,0,157.93,0,485.4,1036.42,0,4346.82,45721.93,11397.73,0
2020-02-01,17901.93,32452.56,0,157.93,0,485.4,1036.42,0,4346.82,45721.93,11397.73,0
2020-02-02,25000.27,29941.76,0,157.93,0,497.42,987.07,0,0,38774.48,18551.23,0
2020-02-03,25000.27,30362.25,0,157.93,0,497.42,987.07,0,0,39200.48,18551.23,0
2020-02-04,25000,29940.67,0,157.93,0,497.42,987.07,0,5210.48,47955.56,14647.51,0
2020-02-05,28478.6,31196.33,0,157.93,0,497.42,987.07,0,0,46632.22,15488.39,0
2020-02-06,25000,32871.39,0,157.93,0,546.22,987.07,0,5178.19,49661.76,15927.14,0
2020-02-07,25000,31460.09,0,157.93,0,536.52,987.07,0,5204.18,47756.1,16419.52,0
2020-02-08,23425.61,28684.24,0,157.93,0,536.88,987.07,0,0,41755.54,12740.86,0
2020-02-09,25000.27,30763.38,0,187.54,0,505.79,987.07,0,0,39606.86,18589.71,0
2020-02-10,25000.27,30359.29,0,187.54,0,505.79,987.07,0,0,39197.48,18589.71,0
2020-02-11,24100.43,32034.35,0,187.54,0,505.79,987.07,0,0,40894.48,17678.09,0
2020-02-12,25883.37,27600.61,0,187.54,0,530.79,987.07,0,0,45987.88,9924.48,0
2020-02-13,25943.79,30359.29,0,187.54,0,598.65,987.07,0,0,43990.62,14846.53,0
2020-02-14,26000,30359.29,0,187.54,0,597.79,987.07,0,4897.75,55758.69,8096.44,0
2020-02-15,26000,29941.76,0,187.54,0,577.68,987.07,0,5091.55,52795.21,10812.89,0
2020-02-16,30924.89,30777.81,0,187.54,0,504.87,987.07,0,0,51068.88,13143.61,0
2020-02-17,32248.53,30359.31,0,187.54,0,504.87,987.07,0,0,45527.86,19601.63,0
2020-02-18,30999.87,32034.35,0,187.54,0,504.87,987.07,0,0,45959.82,19601.63,0
2020-02-19,0,32452.87,0,187.54,0,634.27,987.07,0,0,54513.06,15500.88,0
2020-02-20,34506.26,29522.26,0,187.54,0,650.4,987.07,0,0,54645.87,12070.34,0
2020-02-21,31966.22,30777.81,0,187.54,0,652.98,987.07,0,0,36590.28,28827.23,0
2020-02-22,37000.52,30777.81,0,187.54,0,605.23,987.07,0,0,39621.48,30847.91,0
2020-02-23,36254.86,29940.78,0,187.54,0,605.23,987.07,0,0,45506.87,23359.09,0
2020-02-24,36245.49,29522.26,0,187.54,0,605.23,987.07,0,0,45923.76,22508.71,0
2020-02-25,36226.75,32452.87,0,187.54,0,605.23,987.07,0,0,50496.45,20886.03,0
2020-02-26,0,32448.4,0,187.54,0,581.38,987.07,0,0,53354.29,19654.88,0
2020-02-27,37741.95,26657.08,0,187.54,0,596.24,987.07,0,0,48802.71,18234,0
2020-02-28,35886.2,30358.31,0,187.54,0,593.82,987.07,0,0,49090.83,19813.08,0
2020-02-29,35440.48,30759.21,0,187.54,0,597.49,987.07,0,0,44836.79,24025.43,0
2020-03-01,35426.94,29522.26,0,187.54,0,593.07,987.07,0,0,44854.98,22735.89,0
2020-03-02,33886.68,29940.78,0,0,0,665.33,641.6,0,0,48563.38,17424.27,0
2020-03-03,37964.83,30186.44,0,0,0,665.33,641.6,0,0,53008.24,17359.86,0
2020-03-04,31196.64,31679.82,0,0,0,365.22,641.6,0,0,38523.31,26196.83,0
2020-03-05,31772.51,34545.46,0,0,0,365.22,641.6,0,0,55456.61,12750.12,0
2020-03-06,33877.31,30359.29,0,0,0,365.22,641.6,0,0,49859.92,16238.19,0
2020-03-07,33441.96,31411.14,0,246.77,0,365.22,641.6,0,0,47857.39,19115.29,0
2020-03-08,34978.09,31614.85,0,246.77,0,365.22,641.6,0,0,52247.12,16488.19,0
2020-03-09,35189.49,32871.39,0,246.77,0,365.22,641.6,0,0,53734.29,16488.19,0
2020-03-10,35102.13,30777.81,0,0,0,365.22,641.6,0,5022.64,52068.02,20783.38,0
2020-03-11,35000,32792.42,0,0,0,365.22,641.6,0,5207.04,46937.78,28037.98,0
2020-03-12,35595.67,33708.42,0,0,0,365.22,641.6,0,4603.34,46844.78,29050.83,0
2020-03-13,35000,30767.94,0,0,0,365.22,641.6,0,4746.74,50397.36,22061.06,0
2020-03-14,34999.96,30360.28,0,222.93,0,284.43,499.68,0,0,39198.48,28038.22,0
2020-03-15,37107.61,30024.68,0,171.75,0,303.03,532.03,0,3848.21,38858.48,34071.87,0
2020-03-16,36366.03,31197.32,0,286.25,0,365.22,641.6,0,3841.02,40046.48,33603.28,0
2020-03-17,34999.96,33706.42,0,286.25,0,476.61,641.6,0,0,42588.45,28440.83,0
2020-03-18,35023.67,34545.46,0,286.25,0,365.22,641.6,0,0,43438.48,28352,0
2020-03-19,34884.33,37057.55,0,286.25,0,365.22,641.6,0,0,45866.34,28327.98,0
2020-03-20,34999.96,37476.06,0,286.25,0,365.22,641.6,0,0,46407.48,28327.98,0
2020-03-21,32499.99,32452.87,0,325.73,0,365.22,641.6,0,0,39461,27692.74,0
2020-03-22,33825.17,29895.88,0,325.73,0,365.22,641.6,0,2253.6,41011.12,27177.8,0
2020-03-23,30901.89,29511.61,0,325.73,0,365.22,641.6,0,0,38208.89,24346.02,0
2020-03-24,29207.51,36438.05,0,325.73,0,365.22,641.6,0,0,52186.29,15669.23,0
2020-03-25,34000.2,38732.6,0,325.73,0,365.22,641.6,0,0,47680.48,27355.12,0
2020-03-26,33748.1,36558.86,0,325.73,0,365.22,641.6,0,0,45478.26,27099.72,0
2020-03-27,34000.2,34870.72,0,325.73,0,365.22,641.6,0,0,43768.01,27355.12,0
2020-03-28,33000.44,32871.39,0,325.73,0,365.22,641.6,0,0,41742.48,26342.26,0
2020-03-29,33000.44,32871.39,0,325.73,0,365.22,641.6,0,0,41742.48,26342.26,0
2020-03-30,33000.44,32159.71,0,325.73,0,365.22,641.6,0,0,41021.48,26342.26,0
2020-03-31,30999.87,34965.95,0,325.73,0,365.22,641.6,0,0,46912.55,21267.42,0
2020-04-01,29896.61,34546.44,0,325.73,0,148.06,493.54,0,0,60511,5756.26,0
2020-04-02,32758.83,34548.42,0,325.73,0,148.06,493.54,0,0,64298.96,4870.01,0
2020-04-03,31999.63,34545.46,0,325.73,0,148.06,493.54,0,0,43438.48,24958.35,0
2020-04-04,33000.44,35307.47,0,325.73,0,148.06,493.54,0,0,44210.48,25972.26,0
2020-04-05,33000.44,34051.92,0,325.73,0,148.06,493.54,0,0,42938.48,25972.26,0
2020-04-06,35000,34476.36,0,325.73,0,148.06,493.54,0,3608.47,49049.98,25972.26,0
2020-04-07,33000.44,33708.42,0,325.73,0,148.06,493.54,0,0,42590.48,25972.26,0
2020-04-08,31999.63,30359.29,0,325.73,0,148.06,493.54,0,0,39197.48,24958.35,0
2020-04-09,31999.63,29940.78,0,325.73,0,148.06,493.54,0,0,38773.48,24958.35,0
2020-04-10,32750.5,29313,0,325.73,0,148.06,493.54,0,0,38137.48,25719.05,0
2020-04-11,32750.5,30359.29,0,0,0,148.06,493.54,0,0,39197.48,25389.05,0
2020-04-12,32750.5,29940.78,0,0,0,148.06,493.54,0,0,38773.48,25389.05,0
2020-04-13,32750.5,31196.33,0,0,0,148.06,493.54,0,0,40045.48,25389.05,0
2020-04-14,33971.04,28417.73,0,0,0,148.06,493.54,0,0,39776.34,24079.72,0
2020-04-15,33000,29522.26,0,0,0,148.06,493.54,0,4918.01,45906.88,23066.86,0
2020-04-16,33000.44,28266.71,0,0,0,148.06,493.54,0,0,37077.48,25642.26,0
2020-04-17,33000.44,31071.64,0,0,0,148.06,493.54,0,0,39919.16,25642.26,0
2020-04-18,31844.46,29313,0,0,0,148.06,493.54,0,0,51672.85,10935.78,0
2020-04-19,31999.63,29313,0,0,0,148.06,493.54,0,0,38137.48,24628.35,0
2020-04-20,31999.63,29940.78,0,0,0,148.06,493.54,0,0,38773.48,24628.35,0
2020-04-21,32000.68,31824.1,0,0,0,148.06,493.54,0,0,40681.48,24629.4,0
2020-04-22,33000.44,31188.28,0,0,0,148.06,493.54,0,5207.09,45312.63,25642.26,0
2020-04-23,31999.63,33626.49,0,0,0,148.06,493.54,0,0,42507.48,24628.35,0
2020-04-24,30999.87,32452.87,0,0,0,148.06,493.54,0,0,41318.48,23615.49,0
2020-04-25,31957.92,31196.33,0,266.51,0,148.06,493.54,0,0,43760.35,21141.22,0
2020-04-26,31219.23,31406.57,0,266.51,0,148.06,493.54,0,2418.85,40258.48,26558.25,0
2020-04-27,31999.63,31823.12,0,266.51,0,148.06,493.54,0,0,40680.48,24898.35,0
2020-04-28,28308.64,34545.46,0,266.51,0,148.06,493.54,0,0,43438.48,21159,0
2020-04-29,32974.4,34050.93,0,266.51,0,148.06,493.54,0,0,45152.05,23671.31,0
2020-04-30,34982.7,34963.97,0,266.51,0,148.06,493.54,0,0,43845,27937.98,0
2020-05-01,35999.72,41873.46,0,266.51,0,200.08,740.3,0,5207.09,50862.48,34528.83,0
2020-05-02,34999.96,34129.9,0,286.25,0,200.08,740.3,0,0,43017.48,28260.68,0
2020-05-03,34826.04,33499.16,0,286.25,0,200.08,740.3,0,0,57382.49,13080.47,0
2020-05-04,34999.96,34129.9,0,286.25,0,200.08,740.3,0,0,43017.48,28260.68,0
2020-05-05,30794.59,40728.46,0,286.25,0,200.08,740.3,0,0,57938,15764.7,0
2020-05-06,37654.52,41658.28,0,286.25,0,200.08,740.3,0,0,61232,20362.5,0
2020-05-07,40999.56,38732.6,0,286.25,0,200.08,740.3,0,0,47680.48,34338.88,0
2020-05-08,40846.47,43755.8,0,286.25,0,200.08,740.3,0,0,65340.52,21612.74,0
2020-05-09,40333.06,42500.25,0,266.51,0,200.08,740.3,0,0,51497.48,33643.64,0
2020-05-10,40333.06,41872.47,0,266.51,0,200.08,740.3,0,0,50861.48,33643.64,0
2020-05-11,40333.06,44175.3,0,266.51,0,200.08,740.3,0,0,53194.48,33643.64,0
2020-05-12,33000,39539.38,0,266.51,0,200.08,740.3,0,5000.28,48497.83,31280.3,0
2020-05-13,34888.53,41663.21,0,266.51,0,200.08,740.3,0,0,62802.72,15974.55,0
2020-05-14,34000.2,41244.7,0,266.51,0,200.08,740.3,0,0,50225.48,27227.82,0
2020-05-15,34000.2,39569.64,0,266.51,0,200.08,740.3,0,0,48528.48,27227.82,0
2020-05-16,30999.87,35802.98,0,266.51,0,200.08,740.3,0,0,58895.65,10005.02,0
2020-05-17,19756.73,34545.46,0,266.51,0,200.08,740.3,0,0,46573.06,9663.18,0
2020-05-18,0,37943.93,0,266.51,0,200.08,740.3,0,0,38441,1222.7,0
2020-05-19,0,38287.6,0,266.51,0,200.08,740.3,0,0,38789.17,1222.7,0
2020-05-20,0,42885.45,0,266.51,0,200.08,740.3,0,0,43447.25,1222.7,0
2020-05-21,0,40825.19,0,266.51,0,200.08,740.3,0,0,41360,1222.7,0
2020-05-22,0,39145.73,0,266.51,0,200.08,740.3,0,0,39658.54,1222.7,0
2020-05-23,0,37686.31,0,207.29,0,200.08,740.3,0,0,38180,1162.7,0
2020-05-24,0,35802.98,0,207.29,0,200.08,740.3,0,0,36272,1162.7,0
2020-05-25,0,39780.87,0,207.29,0,200.08,740.3,0,0,40302,1162.7,0
2020-05-26,0,39780.87,0,207.29,0,200.08,740.3,0,0,40302,1162.7,0
2020-05-27,0,37056.56,0,207.29,0,200.08,740.3,0,0,37542,1162.7,0
2020-05-28,0,35312.41,0,207.29,0,200.08,740.3,0,0,35775,1162.7,0
2020-05-29,0,36220.51,0,207.29,0,200.08,740.3,0,0,36695,1162.7,0
2020-05-30,0,36639.03,0,197.41,0,200.08,740.3,0,0,37119,1152.7,0
2020-05-31,0,36430.76,0,197.41,0,200.08,740.3,0,0,36908,1152.7,0
2020-06-01,0,37686.31,0,197.41,0,148.06,493.54,0,0,38180,850,0
2020-06-02,0,38721.75,0,197.41,0,148.06,493.54,0,0,39229,850,0
2020-06-03,0,38941.86,0,197.41,0,148.06,493.54,0,0,39452,850,0
2020-06-04,0,38941.86,0,197.41,0,148.06,493.54,0,0,39452,850,0
2020-06-05,0,38931.99,0,197.41,0,148.06,493.54,0,0,39442,850,0
2020-06-06,2082.84,38731.62,0,0,0,148.06,493.54,0,0,41349.12,650,0
2020-06-07,0,38731.62,0,0,0,148.06,493.54,0,0,39239,650,0
2020-06-08,4166.71,38941.86,0,0,0,148.06,493.54,0,0,41210.79,3112.51,0
2020-06-09,2700.4,38941.86,0,0,0,148.06,493.54,0,0,41210.79,1626.99,0
2020-06-10,0,38774.06,0,0,0,148.06,493.54,0,0,39282,650,0
2020-06-11,0,38604.2,0,0,0,148.06,493.54,0,0,39109.91,650,0
2020-06-12,0,34546.44,0,0,0,148.06,493.54,0,0,34999,650,0
2020-06-13,0,37895.57,0,0,0,148.06,493.54,0,0,38392,650,0
2020-06-14,0,37686.31,0,0,0,148.06,493.54,0,0,38180,650,0
2020-06-15,0,38315.07,0,0,0,148.06,493.54,0,0,38817,650,0
2020-06-16,0,38315.07,0,0,0,148.06,493.54,0,0,38817,650,0
2020-06-17,0,39360.38,0,0,0,148.06,493.54,0,0,39876,650,0
2020-06-18,0,39151.12,0,0,0,148.06,493.54,0,0,39664,650,0
2020-06-19,0,40825.19,0,0,0,148.06,493.54,0,0,41360,650,0
2020-06-20,9999.68,40825.19,0,0,0,148.06,493.54,0,0,49800.48,2340.2,0
2020-06-21,30000.05,40406.67,0,0,0,148.06,493.54,0,0,49376.48,22602.57,0
2020-06-22,7900.19,41243.71,0,0,0,148.06,493.54,0,0,45283.63,5154.05,0
2020-06-23,9242.62,43756.79,0,0,0,148.06,493.54,0,0,51285,3058.7,0
2020-06-24,25060.67,45851.35,0,0,0,148.06,493.54,0,0,60843.02,11647.95,0
2020-06-25,46161.87,41591.16,0,0,0,148.06,493.54,0,0,57231.8,32320.79,0
2020-06-26,35102.13,40251.7,0,0,0,148.06,493.54,0,5061.17,48857.59,33260.85,0
2020-06-27,14437.17,39568.65,0,0,0,148.06,493.54,0,0,43252.18,12111.12,0
2020-06-28,18979.83,38314.09,0,0,0,148.06,493.54,0,0,47256.48,11437.99,0
2020-06-29,14762.09,40406.67,0,0,0,148.06,493.54,0,0,44101.18,12440.3,0
2020-06-30,27679.83,41243.71,0,0,0,148.06,493.54,0,0,69826.44,650,0
2020-07-01,34891.65,40826.18,0,118.45,0,365.22,0,0,0,58988.94,18210.79,0
2020-07-02,16206.23,39991.12,0,0,0,365.22,246.77,0,1129.21,49880.77,8816.76,0
2020-07-03,24835.72,39569.64,0,0,0,365.22,246.77,0,0,62799.22,3069.85,0
2020-07-04,27779.81,39569.64,0,296.12,0,365.22,246.77,0,0,67484.74,1666.98,0
2020-07-05,36376.47,39569.64,0,0,0,365.22,246.77,0,0,76941,620,0
2020-07-06,27999.55,40405.69,0,0,0,365.22,246.77,0,0,66851.49,3069.85,0
2020-07-07,35000,37119.14,0,0,0,365.22,246.77,0,7289.88,65189.94,15879.33,0
2020-07-08,29982.41,39151.12,0,0,0,365.22,246.77,0,0,56757.03,13902.15,0
2020-07-09,31999.63,36447.42,0,0,0,365.22,246.77,0,0,45365.36,24598.35,0
2020-07-10,35000,39564.38,0,0,0,365.22,246.77,0,6128.7,65130.85,17239.31,0
2020-07-11,34999.96,37626.1,0,0,0,167.8,246.77,0,0,46559.48,27437.98,0
2020-07-12,34999.96,37563.91,0,0,0,167.8,246.77,0,0,46496.48,27437.98,0
2020-07-13,34986.09,39570.63,0,197.41,0,167.8,246.77,0,5206.28,48529.48,32898.41,0
2020-07-14,25322.99,39925.75,0,197.41,0,167.8,246.77,0,3790.82,48889.26,21674.72,0
2020-07-15,34927.06,41619.09,0,197.41,0,167.8,246.77,0,0,56863.4,21305.51,0
2020-07-16,37000.52,40264.21,0,197.41,0,167.8,246.77,0,6176.65,71924.38,13230.08,0
2020-07-17,34999.96,40787,0,197.41,0,256.39,246.77,0,6769.21,75804.89,8542.52,0
2020-07-18,33949.17,39988.16,0,256.64,0,230.48,246.77,0,0,70073.73,5575.67,0
2020-07-19,30038.89,39569.64,0,256.64,0,230.48,246.77,0,0,64630,6633.9,0
2020-07-20,30038.25,40825.19,0,256.64,0,230.48,246.77,0,0,65901.75,6633.5,0
2020-07-21,31647.61,39363.34,0,0,0,323.6,246.77,0,0,62748.48,9770.55,0
2020-07-22,35102.13,36925.28,0,0,0,295.41,246.77,0,8667.6,81752.12,549.28,0
2020-07-23,36804.65,39151.12,0,0,0,295.41,246.77,0,0,76950.79,549.28,0
2020-07-24,20245.78,37129.6,0,207.29,0,191.24,246.77,0,0,54484,4296.74,0
2020-07-25,35102.13,39557.09,0,276.38,0,206.18,246.77,0,6146.33,71615.25,10987.73,0
2020-07-26,13066.17,38627.97,0,276.38,0,206.18,246.77,0,0,48587.34,4522.88,0
2020-07-27,22999.71,39388.02,0,276.38,0,206.18,246.77,0,6769.21,59814.04,10987.73,0
2020-07-28,26454.29,36125.75,0,0,0,262.2,246.77,0,0,60471.84,3443.63,0
2020-07-29,36840.29,37042.74,0,0,0,276.92,246.77,0,0,67381.9,7999.55,0
2020-07-30,35132.11,32904.95,0,0,0,295.95,246.77,0,6428.67,55204.23,20786.83,0
2020-07-31,35965.09,38956.67,0,0,0,269.17,246.77,0,0,61335.23,15090.7,0
2020-08-01,35666.46,37915.82,0,266.51,0,448.18,325.73,0,0,61617.51,13982.76,0
2020-08-02,35666.46,38355.54,0,266.51,0,448.18,325.73,0,0,62062.99,13982.76,0
2020-08-03,35999.38,34355.23,0,266.51,0,448.18,325.73,0,0,71276.25,1054.05,0
2020-08-04,35883.08,37305.55,0,0,0,431.67,325.73,0,0,71769.29,3145.43,0
2020-08-05,37000.52,33471.06,0,0,0,271.41,325.73,0,0,57782.37,14217.34,0
2020-08-06,17088.57,35002.98,0,266.51,0,314.69,325.73,0,0,52773.95,918.81,0
2020-08-07,34611.51,40825.19,0,266.51,0,271.2,325.73,0,0,65232.84,12066.83,0
2020-08-08,28761.78,27758.9,0,266.51,0,191.76,325.73,0,0,51155.49,6899.88,0
2020-08-09,34140.9,33430.07,0,266.51,0,191.76,325.73,0,0,58743.15,10507.27,0
2020-08-10,28558.88,36220.51,0,266.51,0,191.76,325.73,0,0,56066,10356.27,0
2020-08-11,37394.12,40827.16,0,0,0,305.97,325.73,0,0,63230.17,16655.79,0
2020-08-12,35903.87,39241.54,0,0,0,271.71,325.73,0,0,62625.08,14110,0
2020-08-13,39000.04,40407.66,0,266.51,0,288.29,325.73,0,0,62805.23,18534.78,0
2020-08-14,31895.02,41664.2,0,266.51,0,261.26,325.73,0,8604.28,74799.84,9304.68,0
2020-08-15,36980.73,46060.61,0,266.51,0,192.2,325.73,0,0,70797.44,14126.46,0
2020-08-16,37000.52,44176.29,0,266.51,0,192.2,325.73,0,0,68962.3,14072.65,0
2020-08-17,39000.04,46052.71,0,266.51,0,192.2,325.73,0,0,72889.01,14072.65,0
2020-08-18,39000.04,46059.62,0,0,0,287.07,325.73,0,5146.68,73745.34,18263.54,0
2020-08-19,37253.82,44972.86,0,0,0,266.3,325.73,0,0,69434.84,14468.79,0
2020-08-20,39000.04,41842.86,0,266.51,0,251.64,325.73,0,0,64259.23,18497.65,0
2020-08-21,37476.57,42223.87,0,266.51,0,230.73,325.73,0,0,65528.51,16049.75,0
2020-08-22,34271.05,43966.05,0,217.16,0,148.06,325.73,0,0,64940,15022,0
2020-08-23,39333.3,43337.28,0,217.16,0,148.06,325.73,0,0,68446.75,16006.81,0
2020-08-24,39333.3,44804.07,0,217.16,0,148.06,325.73,0,0,69932.75,16006.81,0
2020-08-25,39333.45,40825.19,0,0,0,148.06,325.73,0,0,65901.72,15787,0
2020-08-26,39999.8,39988.16,0,0,0,148.06,325.73,0,0,65387.15,16128.65,0
2020-08-27,39999.8,44892.9,0,0,0,148.06,325.73,0,0,70356.15,16128.65,0
2020-08-28,40000,40825.19,0,0,0,148.06,325.73,0,0,66235.35,16128.65,0
2020-08-29,37333.77,39360.38,0,157.93,0,148.06,325.73,0,0,66756.82,11582.03,0
2020-08-30,37333.77,39151.12,0,157.93,0,148.06,325.73,0,0,66544.82,11582.03,0
2020-08-31,37333.77,40615.93,0,157.93,0,148.06,325.73,0,0,68028.82,11582.03,0
2020-09-01,38001.32,40407.66,0,0,0,100.04,345.47,0,0,73376.93,6510.56,0
2020-09-02,37020.31,40200.38,0,0,0,100.04,345.47,0,0,73656.48,5027.15,0
2020-09-03,37000.52,39569.64,0,197.41,0,100.04,345.47,0,0,74566.31,3658.27,0
2020-09-04,37000.52,39300.17,0,197.41,0,100.04,345.47,0,0,75296.67,2654.91,0
2020-09-05,37500.4,39569.64,0,296.12,0,100.04,345.47,0,0,74316.26,4514.75,0
2020-09-06,33711.38,32924.69,0,296.12,0,100.04,345.47,0,0,63941,4319.35,0
2020-09-07,37466.02,37764.81,0,296.12,0,100.04,345.47,0,0,72487.79,4479.92,0
2020-09-08,34653.17,39988.16,0,296.12,0,100.04,345.47,0,0,71855.72,4514.75,0
2020-09-09,38650.62,39131.15,0,0,0,100.04,345.47,0,0,73768.08,5483.99,0
2020-09-10,38000.28,39569.64,0,230.18,0,242.78,268.53,0,4947.77,78576.59,5773.29,0
2020-09-11,39000.04,39569.64,0,296.12,0,99.89,345.47,0,4942.5,79573.55,5783.84,0
2020-09-12,31999.63,37895.57,0,296.12,0,237.49,345.47,0,0,70810.83,890.6,0
2020-09-13,36999.34,37686.31,0,296.12,0,237.49,345.47,0,0,75664.03,890.6,0
2020-09-14,36998.29,39152.11,0,296.12,0,237.49,345.47,0,0,77147.97,890.6,0
2020-09-15,35255.02,38315.07,0,296.12,0,247.02,345.47,0,5837.13,74380.86,6966.86,0
2020-09-16,37344.68,38315.07,0,296.12,0,254.15,345.47,0,1330.67,71594,7312.48,0
2020-09-17,39000.04,39988.16,0,296.12,0,205.56,345.47,0,0,74990.31,5890.89,0
2020-09-18,37984.7,39988.16,0,296.12,0,126.13,345.47,0,0,74031.31,5740.77,0
2020-09-19,37333.77,38992.2,0,256.64,0,147.62,345.47,0,0,75986.98,2098.42,0
2020-09-20,37333.77,38314.68,0,256.64,0,147.62,345.47,0,0,75300.58,2098.42,0
2020-09-21,37257.89,38680.29,0,256.64,0,147.62,345.47,0,0,75594.1,2098.42,0
2020-09-22,37999.24,39569.64,0,256.64,0,233.4,345.47,0,0,73564,5867.49,0
2020-09-23,39000.04,45431.84,0,256.64,0,294.56,345.47,0,0,80505.31,5941.06,0
2020-09-24,42000,41243.71,0,256.64,0,310.97,345.47,0,0,76261.94,8997.3,0
2020-09-25,38000.28,41243.71,0,256.64,0,343.66,345.47,0,0,78267.98,2972.27,0
2020-09-26,35566.08,41243.71,0,0,0,151.79,345.47,0,0,77816,503.78,0
2020-09-27,37000.52,41034.45,0,0,0,151.79,345.47,0,0,79057.23,503.78,0
2020-09-28,37000.52,41663.21,0,0,0,151.79,345.47,0,0,79694.23,503.78,0
2020-09-29,39000.04,38732.6,0,0,0,291.25,345.47,0,0,75723.98,3672.03,0
2020-09-30,37151.07,39988.16,0,0,0,328.66,345.47,0,2961.21,76983.31,4849.4,0
2020-10-01,25000.27,41244.7,0,166.56,0,246.07,302.83,0,0,67112.77,724.83,0
2020-10-02,0,40409.63,0,217.16,0,173.76,394.83,0,0,40939,796.04,0
2020-10-03,0,39988.16,0,197.41,0,210.4,394.83,0,0,40512,813.16,0
2020-10-04,0,39569.64,0,197.41,0,210.4,394.83,0,0,40088,813.16,0
2020-10-05,0,40825.19,0,197.41,0,210.4,394.83,0,0,41360,813.16,0
2020-10-06,0,38312.11,0,197.41,0,405.22,394.83,0,0,38814,1010.53,0
2020-10-07,0,38732.6,0,0,0,270.29,394.83,0,0,39240,673.83,0
2020-10-08,0,38732.6,0,197.41,0,312.34,394.83,0,0,39240,916.43,0
2020-10-09,0,39151.12,0,197.41,0,295.92,394.83,0,0,39664,899.8,0
2020-10-10,0,37685.32,0,256.64,0,237.76,394.83,0,0,38179,900.87,0
2020-10-11,0,37685.32,0,256.64,0,237.76,394.83,0,0,38179,900.87,0
2020-10-12,0,38733.59,0,256.64,0,237.76,394.83,0,0,39241,900.87,0
2020-10-13,0,38733.59,0,256.64,0,242.68,394.83,0,0,39241,905.86,0
2020-10-14,0,32545.65,0,256.64,0,280.5,394.83,0,0,32972,944.17,0
2020-10-15,0,39063.46,0,256.64,0,280.5,394.83,0,0,39575.19,944.17,0
2020-10-16,0,39570.63,0,256.64,0,244.55,394.83,0,0,40089,907.75,0
2020-10-17,0,39151.12,0,256.64,0,177.43,394.83,0,0,39664,839.75,0
2020-10-18,0,33766.66,0,256.64,0,177.43,394.83,0,0,34209,839.75,0
2020-10-19,0,34286.84,0,256.64,0,177.43,394.83,0,0,34736,839.75,0
2020-10-20,0,38115.69,0,243.81,0,256.64,374.1,0,0,38615,886,0
2020-10-21,0,34896.85,0,256.64,0,238.12,394.83,0,0,35354,901.24,0
2020-10-22,0,39151.12,0,256.64,0,277.65,394.83,0,0,39664,941.29,0
2020-10-23,0,37209.74,0,256.64,0,300.57,394.83,0,0,37697.19,964.51,0
2020-10-24,0,39569.64,0,256.64,0,177.03,394.83,0,0,40088,839.35,0
2020-10-25,0,39569.64,0,256.64,0,177.03,394.83,0,0,40088,839.35,0
2020-10-26,0,39778.9,0,256.64,0,177.03,394.83,0,0,40300,839.35,0
2020-10-27,0,38523.34,0,256.64,0,331.32,394.83,0,0,39028,995.66,0
2020-10-28,0,38732.6,0,0,0,293.7,394.83,0,0,39240,697.55,0
2020-10-29,0,37863.75,0,0,0,275.93,394.83,0,0,38359.76,679.54,0
2020-10-30,0,38103.84,0,0,0,256.41,394.83,0,0,38603,659.77,0
2020-10-31,0,38732.6,0,0,0,114.04,394.83,0,0,39240,515.53,0
2020-11-01,0,37058.53,0,0,0,197.78,789.66,0,0,37544,1000.37,0
2020-11-02,0,37898.53,0,0,0,197.78,789.66,0,0,38395,1000.37,0
2020-11-03,0,37685.32,0,227.03,0,419.65,789.66,0,0,38179,1455.15,0
2020-11-04,0,32673.97,0,227.03,0,268.53,789.66,0,0,33102,1302.05,0
2020-11-05,0,37685.32,0,227.03,0,266.39,789.66,0,0,38179,1299.88,0
2020-11-06,0,37685.32,0,227.03,0,257.13,789.66,0,0,38179,1290.5,0
2020-11-07,0,37057.55,0,256.64,0,119.52,789.66,0,0,37543,1181.09,0
2020-11-08,0,37685.32,0,256.64,0,119.52,789.66,0,0,38179,1181.09,0
2020-11-09,0,37894.58,0,256.64,0,119.52,789.66,0,0,38391,1181.09,0
2020-11-10,0,37685.32,0,256.64,0,268.93,789.66,0,0,38179,1332.45,0
2020-11-11,0,37685.32,0,256.64,0,191.88,789.66,0,0,38179,1254.39,0
2020-11-12,0,37058.53,0,256.64,0,214.71,789.66,0,0,37544,1277.52,0
2020-11-13,0,37686.31,0,256.64,0,242.87,789.66,0,0,38180,1306.05,0
2020-11-14,0,37058.53,0,167.8,0,189.54,789.66,0,0,37544,1162.02,0
2020-11-15,0,37267.79,0,167.8,0,189.54,789.66,0,0,37756,1162.02,0
2020-11-16,0,37895.57,0,167.8,0,189.54,789.66,0,0,38392,1162.02,0
2020-11-17,0,37685.32,0,0,0,302.59,789.66,0,0,38179,1106.55,0
2020-11-18,0,37685.32,0,167.8,0,276.1,789.66,0,0,38179,1249.72,0
2020-11-19,0,26921.33,0,167.8,0,251.69,789.66,0,0,27274,1224.99,0
2020-11-20,0,39151.12,0,167.8,0,279.67,789.66,0,0,39664,1253.33,0
2020-11-21,0,34545.46,0,197.41,0,175.98,789.66,0,0,34998,1178.28,0
2020-11-22,0,34545.46,0,197.41,0,175.98,789.66,0,0,34998,1178.28,0
2020-11-23,666.67,37003.54,0,197.41,0,175.98,789.66,0,0,38163.69,1178.28,0
2020-11-24,9999.66,37057.55,0,197.41,0,294.46,789.66,0,0,47673.66,1298.32,0
2020-11-25,13448.86,38314.09,0,0,0,333.62,789.66,0,0,52441.04,1137.99,0
2020-11-26,7000.41,36424.51,0,197.41,0,275.93,789.66,0,0,43993.78,1279.54,0
2020-11-27,0,37479.47,0,197.41,0,256.42,789.66,0,0,42866.98,1259.78,0
2020-11-28,4833.22,37057.69,0,0,0,301.61,789.66,0,0,42439.68,1105.56,0
2020-11-29,4833.22,35384.46,0,0,0,306.02,789.66,0,0,40744.53,1110.03,0
2020-11-30,17000.1,37975.52,0,0,0,306.02,789.66,0,0,55695.8,1110.03,0
2020-12-01,10000,36639.03,0,0,0,309.67,777.56,0,0,47250,1101.48,0
2020-12-02,25000.27,38733.59,0,190.5,0,288.85,762.02,0,0,64568.77,1257.63,0
2020-12-03,8864.87,36641.99,0,197.41,0,278.02,789.66,0,0,46103,1281.66,0
2020-12-04,14999.54,37685.32,0,192.48,0,217.16,768.93,0,0,53375.03,1194,0
2020-12-05,25000.27,37476.06,0,296.12,0,251.15,789.66,0,0,63294.77,1354.44,0
2020-12-06,30000.11,37685.32,0,284.18,0,241.02,757.81,0,0,68572.11,1299.82,0
2020-12-07,30000.11,0,0,296.12,0,251.15,789.66,0,0,30393.11,1354.44,0
2020-12-08,30000.11,0,0,296.12,0,437.65,789.66,0,0,30393.11,1543.38,0
2020-12-09,31999.63,0,0,296.12,0,292.71,789.66,0,0,32418.83,1396.54,0
2020-12-10,30000.11,16752.54,0,296.12,0,305.57,789.66,0,0,47365.11,1409.57,0
2020-12-11,34000.2,33499.16,0,296.12,0,337.91,789.66,0,0,68383.6,1442.34,0
2020-12-12,32666.14,31205.43,0,296.12,0,199.85,789.66,0,0,64708.29,1302.47,0
2020-12-13,32666.14,32872.37,0,296.12,0,199.85,789.66,0,0,66397.07,1302.47,0
2020-12-14,34000.2,34127.92,0,296.12,0,199.85,789.66,0,0,69020.6,1302.47,0
2020-12-15,34999.96,0,0,197.41,0,281.86,789.66,0,0,35458.46,1285.55,0
2020-12-16,34999.96,26171.79,0,197.14,0,293.19,788.54,0,0,61973.1,1295.62,0
2020-12-17,34999.96,38458.4,0,197.41,0,292.54,789.66,0,0,74420.66,1296.37,0
2020-12-18,37000.52,30151.02,0,197.41,0,749.61,789.66,0,0,68031.23,1759.43,0
2020-12-19,7000.41,35174.22,0,266.51,0,688.01,789.66,0,0,42727.11,1767.02,0
2020-12-20,0,36220.51,0,266.51,0,688.01,789.66,0,0,36695,1767.02,0
2020-12-21,9999.69,37057.55,0,266.51,0,688.01,789.66,0,0,47673.69,1767.02,0
2020-12-22,38000.28,35592.74,0,197.41,0,428.47,789.66,0,0,74557.08,1434.08,0
2020-12-23,38000.28,37057.55,0,197.41,0,449.54,789.66,0,0,76041.08,1455.43,0
2020-12-24,34999.96,30150.04,0,197.41,0,548.16,789.66,0,0,66003.46,1555.34,0
2020-12-25,33000.44,28265.72,0,0,0,805.33,789.66,0,0,62068.74,1615.88,0
2020-12-26,33000.44,32452.87,0,0,0,639.04,789.66,0,0,66310.74,1447.41,0
2020-12-27,33000.44,31614.85,0,0,0,639.04,789.66,0,0,65461.74,1447.41,0
2020-12-28,31958.93,34545.46,0,0,0,639.04,789.66,0,0,67375.59,1447.41,0
2020-12-29,37000.52,31196.33,0,197.41,0,752.56,789.66,0,0,69090.23,1762.42,0
2020-12-30,35999.72,32034.35,0,0,0,763.65,789.66,0,0,68925.31,1573.65,0
2020-12-31,34000.2,32452.87,0,0,0,737.42,789.66,0,0,67323.6,1547.08,0
2021-01-01,33750.26,30358.28,0,0,0,519.07,789.66,0,0,56410.81,9863.42,0
2021-01-02,33750.26,32871.39,0,214.19,0,459.97,634.69,0,0,58956.84,9863.55,0
2021-01-03,33750.26,33289.9,0,214.22,0,460.1,634.73,0,0,59380.84,9863.75,0
2021-01-04,33750.26,35383.48,0,266.51,0,572.41,789.66,0,0,61501.84,10187.46,0
2021-01-05,34999.96,32871.39,0,197.41,0,417.8,789.66,0,0,58956.84,11226.89,0
2021-01-06,34000.2,33288.92,0,197.41,0,373.89,789.66,0,0,68170.6,1378.79,0
2021-01-07,34000.2,35383.48,0,197.41,0,503.39,789.66,0,0,70292.6,1509.98,0
2021-01-08,34000.2,34545.46,0,197.41,0,481.46,789.66,0,0,60652.84,10278.53,0
2021-01-09,32667.18,33474.19,0,266.51,0,480.06,789.66,0,0,59567.54,8996.63,0
2021-01-10,32667.18,32854.61,0,266.51,0,480.06,789.66,0,0,58939.84,8996.63,0
2021-01-11,32667.18,34126.94,0,266.51,0,480.06,789.66,0,0,60228.84,8996.63,0
2021-01-12,33000.44,34547.43,0,217.16,0,691.93,789.66,0,0,60654.84,9498.89,0
2021-01-13,34000.2,34127.92,0,207.29,0,629.81,789.66,0,0,60229.84,10438.82,0
2021-01-14,33000.44,36221.5,0,207.29,0,292.83,789.66,0,0,62350.84,9084.57,0
2021-01-15,33000.44,37056.65,0,207.29,0,302.9,789.66,0,0,63196.93,9094.77,0
2021-01-16,31999.63,35175.21,0,296.12,0,229.47,789.66,0,0,61290.84,8096.47,0
2021-01-17,31999.63,34127.92,0,296.12,0,229.47,789.66,0,0,60229.84,8096.47,0
2021-01-18,31999.63,36220.51,0,296.12,0,229.47,789.66,0,0,62349.84,8096.47,0
2021-01-19,31999.63,41429.55,0,296.12,0,281.76,789.66,0,0,67627.12,8149.44,0
2021-01-20,31965.18,34126.94,0,296.12,0,252.13,789.66,0,0,60193.95,8119.4,0
2021-01-21,30999.87,34126.94,0,296.12,0,370.57,789.66,0,0,60228.84,7226.55,0
2021-01-22,30999.87,37057.55,0,296.12,0,370.13,789.66,0,0,63197.84,7226.11,0
2021-01-23,31333.13,37057.55,0,197.41,0,233.81,789.66,0,0,63197.84,7325.62,0
2021-01-24,31333.13,37057.55,0,197.41,0,233.81,789.66,0,0,63197.84,7325.62,0
2021-01-25,31333.13,36639.03,0,197.41,0,233.81,789.66,0,0,62773.84,7325.62,0
2021-01-26,33000.44,34126.94,0,197.41,0,443.8,789.66,0,0,60228.84,9227.51,0
2021-01-27,34999.96,37057.55,0,0,0,440.83,789.66,0,0,63197.84,11050.22,0
2021-01-28,34999.96,37057.55,0,0,0,372.7,789.66,0,0,63197.84,10981.2,0
2021-01-29,32667.18,35424.93,0,0,0,501.67,789.66,0,0,61543.84,8748.52,0
2021-01-30,32667.18,34565.2,0,296.12,0,261.92,789.66,0,0,60672.84,8805.63,0
2021-01-31,32667.18,34608.63,0,296.12,0,261.92,789.66,0,0,60716.84,8805.63,0
2021-02-01,31999.63,36640.02,0,296.12,0,437.62,987.07,0,0,62774.84,8507.34,0
2021-02-02,34999.96,36640.09,0,197.41,0,625.3,987.07,0,0,62774.91,11637.11,0
2021-02-03,34000.2,34963.97,0,197.41,0,640.58,987.07,0,0,61076.84,10639.73,0
2021-02-04,34999.96,35801.99,0,197.41,0,787.11,987.07,0,0,61925.84,11801.04,0
2021-02-05,34999.96,37056.56,0,197.41,0,493.41,987.07,0,0,63196.84,11503.49,0
2021-02-06,25323.11,34126.94,0,296.12,0,343.23,987.07,0,0,60228.84,1647.73,0
2021-02-07,32667.18,34126.94,0,296.12,0,343.23,987.07,0,0,67669.12,1647.73,0
2021-02-08,32667.18,36220.51,0,296.12,0,343.23,987.07,0,0,69790.12,1647.73,0
2021-02-09,34000.2,34126.94,0,296.12,0,379.12,987.07,0,0,60228.84,10474.85,0
2021-02-10,34000.2,33708.42,0,296.12,0,435.03,987.07,0,0,59804.84,10531.49,0
2021-02-11,34000.2,33708.42,0,296.12,0,686.12,987.07,0,0,59804.84,10785.87,0
2021-02-12,34000.2,35802.98,0,296.12,0,666.76,987.07,0,0,61926.84,10766.25,0
2021-02-13,33500.32,36221.5,0,296.12,0,662.72,987.07,0,0,62350.84,10255.73,0
2021-02-14,33500.32,36221.5,0,296.12,0,662.72,987.07,0,0,62350.84,10255.73,0
2021-02-15,7079.34,36242.23,0,296.12,0,662.72,987.07,0,0,42163,3697.48,0
2021-02-16,6515.08,36640.02,0,296.12,0,666.96,987.07,0,0,42465.97,3230.16,0
2021-02-17,34999.96,41243.71,0,296.12,0,607.44,987.07,0,0,67438.84,11719.02,0
2021-02-18,34000.2,41243.71,0,197.41,0,284.29,987.07,0,0,67438.84,10278.77,0
2021-02-19,33000.44,40406.67,0,197.41,0,392.95,987.07,0,0,66590.84,9376,0
2021-02-20,32667.18,38732.6,0,296.12,0,375.26,987.07,0,0,64894.84,9120.46,0
2021-02-21,32667.18,38732.6,0,296.12,0,375.26,987.07,0,0,64894.84,9120.46,0
2021-02-22,32667.18,38732.6,0,296.12,0,375.26,987.07,0,0,64894.84,9120.46,0
2021-02-23,34000.2,35383.48,0,296.12,0,200.08,987.07,0,0,61501.84,10293.46,0
2021-02-24,34000.2,35383.48,0,296.12,0,200.08,987.07,0,0,61501.84,10293.46,0
2021-02-25,34000.2,31197.65,0,296.12,0,200.08,987.07,0,0,57261.18,10293.46,0
2021-02-26,29168.01,27427.74,0,296.12,0,200.08,987.07,0,0,53441.88,5397.97,0
2021-02-27,31999.63,28267.11,0,305.99,0,227.51,987.07,0,0,54292.25,8304.48,0
2021-02-28,31999.63,28266.71,0,305.99,0,227.51,987.07,0,0,54291.84,8304.48,0
2021-03-01,34000.2,34127.92,0,305.99,0,271.67,789.66,0,0,60229.84,10175.99,0
2021-03-02,0,18613.2,0,305.99,0,625.3,789.66,0,0,18857.03,1743.49,0
2021-03-03,0,26045.78,0,305.99,0,640.58,789.66,0,0,26386.98,1758.97,0
2021-03-04,0,39569.64,0,305.99,0,787.11,789.66,0,0,40088,1907.42,0
2021-03-05,9999.69,36445.56,0,305.99,0,493.41,789.66,0,0,47053.69,1609.87,0
2021-03-06,9059.29,36286,0,305.99,0,540.65,789.66,0,0,42152.71,5444.34,0
2021-03-07,12000.25,36703.19,0,305.99,0,540.65,789.66,0,0,42575.36,8423.83,0
2021-03-08,33000.44,37959.56,0,305.99,0,540.65,789.66,0,0,64111.67,9435.63,0
2021-03-09,34999.96,34323.98,0,305.99,0,458.09,789.66,0,0,60428.46,11377.71,0
2021-03-10,34000.2,34546.85,0,305.99,0,476.29,789.66,0,0,60654.25,10383.29,0
2021-03-11,34000.2,34546.85,0,305.99,0,524.5,789.66,0,0,60654.25,10432.13,0
2021-03-12,34000.2,34546.44,0,305.99,0,490.26,789.66,0,0,60653.84,10397.44,0
2021-03-13,31999.63,33325.44,0,305.99,0,497.54,789.66,0,0,59416.84,8378.05,0
2021-03-14,31999.63,33325.44,0,305.99,0,497.54,789.66,0,0,59416.84,8378.05,0
2021-03-15,31999.63,33325.44,0,305.99,0,497.54,789.66,0,0,59416.84,8378.05,0
2021-03-16,34000.2,34366.8,0,305.99,0,640.19,789.66,0,0,60471.84,10549.34,0
2021-03-17,34000.2,37057.55,0,305.99,0,459.13,789.66,0,0,63197.84,10365.9,0
2021-03-18,34000.2,37057.55,0,305.99,0,435.49,789.66,0,0,63197.84,10341.95,0
2021-03-19,35999.72,34546.44,0,305.99,0,200.08,789.66,0,0,60653.84,12129.18,0
2021-03-20,34666.7,33500.15,0,2.78,0,271.94,789.66,0,0,59593.84,10544.31,0
2021-03-21,34666.7,33500.15,0,266.51,0,271.94,789.66,0,0,59593.84,10811.5,0
2021-03-22,34666.7,34546.44,0,0,0,271.94,789.66,0,0,60653.84,10541.5,0
2021-03-23,35999.72,33499.18,0,266.51,0,404.21,789.66,0,0,59592.86,12295.98,0
2021-03-24,34000.2,33943.34,0,266.51,0,407.74,789.66,0,0,60042.84,10273.84,0
2021-03-25,35999.72,33080.54,0,266.51,0,578.61,789.66,0,0,59168.73,12472.67,0
2021-03-26,35999.72,33116.98,0,266.51,0,611.64,789.66,0,0,59205.65,12506.13,0
2021-03-27,34666.7,32871.39,0,325.73,0,395.58,789.66,0,0,58956.84,10996.76,0
2021-03-28,34666.7,32452.56,0,325.73,0,395.58,789.66,0,0,58532.53,10996.76,0
2021-03-29,34666.7,33708.42,0,325.73,0,395.58,789.66,0,0,59804.84,10996.76,0
2021-03-30,36000,32871.21,0,325.73,0,332.06,789.66,0,0,58956.66,12283.17,0
2021-03-31,34000.2,32033.91,0,325.73,0,307.25,789.66,0,0,58108.39,10232.03,0
2021-04-01,31999.63,32461.75,0,325.73,0,145.86,690.95,0,0,58541.84,7941.76,0
2021-04-02,32499.51,30359.29,0,325.73,0,120.05,690.95,0,0,56411.84,8422.04,0
2021-04-03,32499.51,30777.96,0,3.39,0,120.05,690.95,0,0,56835.99,8095.48,0
2021-04-04,32499.51,31196.33,0,0,0,120.05,690.95,0,0,57259.84,8092.04,0
2021-04-05,32499.51,28858.63,0,0,0,120.05,690.95,0,0,54891.52,8092.04,0
2021-04-06,30211.52,21633.3,0,325.73,0,120.05,690.95,0,0,30795.03,22880.58,0
2021-04-07,39257.27,27847.2,0,325.73,0,120.05,690.95,0,0,33791.16,35344,0
2021-04-08,39257.27,27487.09,0,325.73,0,120.05,690.95,0,0,33426.33,35344,0
2021-04-09,39449.93,26773.72,0,325.73,0,120.05,690.95,0,0,32898.8,35344,0
2021-04-10,39581.15,25284.77,0,325.73,0,120.05,690.95,0,0,31523.28,35344,0
2021-04-11,40226.83,27648.8,0,325.73,0,120.05,690.95,0,0,35588.44,34327.98,0
2021-04-12,39328.09,27841.17,0,325.73,0,120.05,690.95,0,0,33856.79,35344,0
2021-04-13,39064.61,28254.86,0,325.73,0,392.49,690.95,0,0,34284.34,35344.64,0
2021-04-14,35143.67,30020.73,0,325.73,0,381.19,690.95,0,0,44577.13,22857.11,0
2021-04-15,35221.78,20044.1,0,325.73,0,436.5,690.95,0,0,28324.08,29138,0
2021-04-16,35193.66,28862.8,0,325.73,0,423.27,690.95,0,0,39489.75,26864.66,0
2021-04-17,35226.99,28211.43,0,325.73,0,325.55,690.95,0,0,36158.44,29470.83,0
2021-04-18,35226.99,29313.99,0,325.73,0,325.55,690.95,0,0,37276.5,29469.77,0
2021-04-19,13211.42,27841.17,0,325.73,0,325.55,690.95,0,0,31048.22,11901.97,0
2021-04-20,30035.52,27666.21,0,325.73,0,407.38,690.95,0,0,34660.75,25239.6,0
2021-04-21,30238.6,27487.09,0,325.73,0,466.3,690.95,0,0,34498.27,25486.03,0
2021-04-22,35036.41,27487.09,0,325.73,0,481.53,690.95,0,0,34443.41,30416.99,0
2021-04-23,35102.13,27516.26,0,325.73,0,431.19,690.95,0,0,34603.78,30301.75,0
2021-04-24,34999.96,27511.53,0,325.73,0,346.36,690.95,0,0,41951.71,22759.58,0
2021-04-25,22570.97,27516.26,0,325.73,0,346.36,690.95,0,0,39616.37,12507.9,0
2021-04-26,30000.11,27882.74,0,325.73,0,346.36,690.95,0,0,51046.79,8975.22,0
2021-04-27,33977.29,36966.74,0,266.51,0,451.57,690.95,0,0,71873.39,1427.49,0
2021-04-28,13124.99,39153.02,0,266.51,0,440.77,690.95,0,0,52962.84,1416.54,0
2021-04-29,6667.15,35429.87,0,227.03,0,418.81,690.95,0,0,42648.49,1354.3,0
2021-04-30,0,30762.02,0,227.03,0,455.01,690.95,0,0,31165,1390.97,0
2021-05-01,0,30780.04,0,0,0,208.4,493.54,0,0,31183.26,711.13,0
2021-05-02,0,30774.76,0,0,0,208.4,493.54,0,0,31177.91,711.13,0
2021-05-03,0,31196.61,0,0,0,208.4,493.54,0,0,31605.29,711.13,0
2021-05-04,0,29523.06,0,296.12,0,369.48,493.54,0,0,29909.81,1174.32,0
2021-05-05,0,29523.06,0,296.12,0,376.37,493.54,0,0,29909.81,1181.3,0
2021-05-06,26999.79,28267.11,0,296.12,0,430.95,493.54,0,0,28637.41,28590.09,0
2021-05-07,34999.96,32883.23,0,296.12,0,408.49,493.54,0,0,64965.8,5020.5,0
2021-05-08,5930.87,33169.48,0,217.16,0,268.54,493.54,0,0,38625.03,1979.6,0
2021-05-09,0,"32,453.60",0,217.16,0,268.54,493.54,0,0,"32,878.74",992.06,0
2021-05-10,0,"33,709.55",0,217.16,0,268.54,493.54,0,0,"34,151.14",992.06,0
2021-05-11,"9,999.69","33,499.18",0,217.16,0,482.79,493.54,0,0,"33,938.02","11,339.80",0
2021-05-12,"6,322.45","32,821.04",0,217.16,0,383.06,493.54,0,0,"37,852.12","2,912.23",0
2021-05-13,0,"33,291.94",0,0,0,0,0,0,0,"33,728.06",0,0
2021-05-14,0,"29,038.80",0,0,0,0,0,0,0,"29,419.21",0,0
2021-05-15,"30,000.00","27,501.68",0,296.12,0,307.35,493.54,0,0,"27,861.95","31,504.38",0
2021-05-16,"30,000.11","29,961.49",0,296.12,0,307.35,493.54,0,0,"30,353.99","31,504.49",0
2021-05-17,0,"27,075.31",0,296.12,0,307.35,493.54,0,0,"27,430.00","1,111.38",0
2021-05-18,"14,999.54","32,263.02",0,296.12,0,469.41,493.54,0,0,"32,685.67","16,471.59",0
2021-05-19,0,"30,669.66",0,296.12,0,110.04,493.54,0,0,"31,071.43",911.48,0
2021-05-20,0,"30,768.59",0,296.12,0,110.04,493.54,0,0,"31,171.66",911.48,0
2021-05-21,0,"31,554.86",0,296.12,0,110.04,493.54,0,0,"31,968.23",911.48,0
2021-05-22,"24,936.74","14,865.27",0,217.16,0,110.04,493.54,0,0,"40,323.41",831.48,0
2021-05-23,"25,000.27",0,0,217.16,0,110.04,493.54,0,0,"25,327.77",831.48,0
2021-05-24,"30,000.00",0,0,217.16,0,110.04,493.54,0,0,"30,393.00",831.48,0
2021-05-25,"30,000.11","8,236.55",0,197.41,0,110.04,493.54,0,0,"33,999.29","5,549.75",0
2021-05-26,"20,000.00","7,913.71",0,197.41,0,110.04,493.54,0,0,"28,279.38",811.48,0
2021-05-27,"30,000.11","1,622.74",0,197.41,0,110.04,493.54,0,0,"27,298.84","5,549.75",0
2021-05-28,"30,702.03","4,248.35",0,197.41,0,110.04,493.54,0,0,"31,212.25","5,007.45",0
2021-05-29,"20,000.42","21,774.75",0,217.16,0,110.04,493.54,0,0,"42,322.43",831.48,0
2021-05-30,"2,604.58","26,171.79",0,217.16,0,110.04,493.54,0,0,"29,153.34",831.48,0
2021-05-31,"12,500.13","31,189.42",0,217.16,0,110.04,493.54,0,0,"44,261.89",831.48,0
2021-06-01,0,"30,762.02",0,197.41,0,120.05,345.47,0,0,"31,165.00",671.62,0
2021-06-02,0,"35,384.14",0,197.41,0,120.05,345.47,0,0,"35,847.67",671.62,0
2021-06-03,0,"37,478.42",0,197.41,0,120.05,345.47,0,0,"37,969.39",671.62,0
2021-06-04,0,"37,268.06",0,197.41,0,120.05,345.47,0,0,"37,756.27",671.62,0
2021-06-05,"15,348.41","34,336.47",0,266.51,0,120.05,345.47,0,0,"48,683.53","2,393.84",0
2021-06-06,"10,625.80","34,338.17",0,266.51,0,120.05,345.47,0,0,"44,409.00","1,885.62",0
2021-06-07,"28,333.84","35,006.42",0,266.51,0,120.05,345.47,0,0,"61,119.84","3,791.80",0
2021-06-08,"30,000.11","16,337.97",0,266.51,0,120.05,345.47,0,0,"42,240.60","5,446.13",0
2021-06-09,"30,000.11",0,0,266.51,0,120.05,345.47,0,0,"25,688.60","5,446.13",0
2021-06-10,"30,000.11","12,562.58",0,266.51,0,120.05,345.47,0,0,"38,415.75","5,446.13",0
2021-06-11,"30,000.11","28,267.11",0,266.51,0,120.05,345.47,0,0,"54,326.01","5,446.13",0
2021-06-12,"30,000.11","34,966.93",0,266.51,0,120.05,345.47,0,0,"61,113.60","5,446.13",0
2021-06-13,"30,000.11","33,463.78",0,266.51,0,120.05,345.47,0,0,"59,590.75","5,446.13",0
2021-06-14,"30,000.11","34,580.00",0,266.51,0,120.05,345.47,0,0,"60,721.60","5,446.13",0
2021-06-15,"31,191.49","32,885.20",0,217.16,0,381.6,345.47,0,0,"43,814.90","22,057.80",0
2021-06-16,"30,000.11","34,127.15",0,217.16,0,358.16,345.47,0,0,"60,262.82","5,637.36",0
2021-06-17,"31,191.49","36,578.52",0,217.16,0,304.19,345.47,0,0,"47,556.60","21,979.37",0
2021-06-18,"33,000.44","17,824.50",0,217.16,0,120.05,345.47,0,0,"43,746.60","8,435.76",0
2021-06-19,"31,666.38",0,0,266.51,0,120.05,345.47,0,0,"25,688.60","7,134.23",0
2021-06-20,"31,666.38","16,749.07",0,266.51,0,120.05,345.47,0,0,"42,657.08","7,134.23",0
2021-06-21,"31,666.38","34,580.00",0,266.51,0,120.05,345.47,0,0,"60,721.60","7,134.23",0
2021-06-22,"33,000.44","20,567.94",0,217.16,0,120.05,345.47,0,0,"46,525.98","8,435.76",0
2021-06-23,"31,999.63","31,242.72",0,217.16,0,120.05,345.47,0,0,"57,340.60","7,421.85",0
2021-06-24,"31,999.63","34,126.94",0,217.16,0,120.05,345.47,0,0,"60,262.60","7,421.85",0
2021-06-25,"30,999.87","34,125.95",0,217.16,0,120.05,345.47,0,"5,207.09","65,536.90","6,408.99",0
2021-06-26,"5,001.48","30,779.79",0,0,0,199.61,345.47,0,"10,000.00","44,616.94","2,316.28",0
2021-06-27,"11,250.43","30,986.08",0,0,0,199.61,345.47,0,0,"41,025.75","2,316.28",0
2021-06-28,"1,741.25","32,871.21",0,266.51,0,199.61,345.47,0,"11,043.19","44,489.68","2,586.28",0
2021-06-29,"5,000.00","33,499.18",0,217.16,0,313.33,345.47,0,"6,250.37","43,571.77","2,651.43",0
2021-06-30,0,"35,383.10",0,217.16,0,353.04,345.47,0,0,"35,846.62",927.66,0
2021-07-01,0,"36,066.53",0,217.16,0,131.3,394.83,0,0,"36,539.00",753.02,0
2021-07-02,0,"33,946.30",0,217.16,0,121.08,394.83,0,0,"34,391.00",742.67,0
2021-07-03,0,"32,453.86",0,315.86,0,184.24,394.83,0,0,"32,879.00",906.65,0
2021-07-04,0,"32,883.23",0,315.86,0,184.24,394.83,0,0,"33,314.00",906.65,0
2021-07-05,0,"33,942.36",0,315.86,0,"33,499.18",394.83,0,0,"34,387.00","34,658.02",0
2021-07-06,"25,000.27","33,709.55",0,315.86,0,317.97,394.83,0,0,"58,488.21","2,032.83",0
2021-07-07,"30,000.11","36,274.80",0,315.86,0,290.24,394.83,0,0,"62,439.66","5,717.50",0
2021-07-08,"34,500.08","38,820.45",0,266.51,0,331.8,394.83,0,0,"39,329.00","35,958.18",0
2021-07-09,"30,000.11","41,367.09",0,266.51,0,275.93,394.83,0,0,"41,909.00","31,342.65",0
2021-07-10,"12,765.70","34,334.22",0,315.86,0,200.34,394.83,0,0,"44,415.64","4,224.24",0
2021-07-11,"11,750.08","34,545.46",0,315.86,0,200.34,394.83,0,0,"44,632.00","3,192.96",0
2021-07-12,"2,241.13","35,852.33",0,315.86,0,110.05,394.83,0,"9,509.18","45,955.75","3,101.98",0
2021-07-13,0,"37,125.65",0,315.86,0,357.66,394.83,0,0,"37,612.00","1,082.34",0
2021-07-14,0,"40,826.57",0,315.86,0,337.04,394.83,0,0,"41,361.40","1,061.45",0
2021-07-15,0,"40,825.53",0,315.86,0,387.11,394.83,0,0,"41,360.34","1,112.18",0
2021-07-16,0,"40,826.57",0,315.86,0,229.43,394.83,0,0,"41,361.40",952.43,0
2021-07-17,"14,999.54","39,780.99",0,296.12,0,183.26,394.83,0,0,"55,498.15",885.66,0
2021-07-18,"30,000.11","39,671.31",0,296.12,0,183.26,394.83,0,0,"65,879.60","5,590.17",0
2021-07-19,"30,000.11","40,826.57",0,296.12,0,183.26,394.83,0,0,"67,051.06","5,589.12",0
2021-07-20,"30,000.11","39,151.98",0,296.12,0,260.21,394.83,0,0,"65,353.47","5,668.13",0
2021-07-21,"31,999.63","39,569.59",0,296.12,0,110.05,394.83,0,0,"65,776.55","7,541.72",0
2021-07-22,"31,999.63","38,735.42",0,266.51,0,110.05,394.83,0,0,"64,931.45","7,511.72",0
2021-07-23,"33,000.44","38,735.42",0,266.51,0,110.05,394.83,0,0,"64,931.45","8,525.63",0
2021-07-24,"30,000.11","38,185.77",0,305.99,0,110.05,394.83,0,0,"64,374.60","5,526.00",0
2021-07-25,"30,000.11","37,685.67",0,305.99,0,110.05,394.83,0,0,"63,867.95","5,526.00",0
2021-07-26,"30,000.11","36,851.50",0,305.99,0,110.05,394.83,0,0,"63,022.85","5,526.00",0
2021-07-27,"31,999.63",0,0,266.51,0,110.05,394.83,0,0,"25,688.60","7,511.72",0
2021-07-28,"31,999.63","14,654.03",0,266.51,0,110.05,394.83,0,0,"40,534.60","7,511.72",0
2021-07-29,"29,053.40","39,793.70",0,266.51,0,110.05,394.83,0,0,"60,992.00","9,538.49",0
2021-07-30,"34,500.08","41,869.51",0,266.51,0,110.05,394.83,0,0,"68,106.60","10,044.92",0
2021-07-31,"29,688.72","42,426.22",0,244.65,0,164.6,362.44,0,0,"68,670.60","5,170.84",0
2021-08-01,"33,467.18","40,825.19",0,266.51,0,172.42,345.47,0,0,"67,048.60","9,011.68",0
2021-08-02,"33,466.96","41,369.07",0,266.51,0,172.42,345.47,0,0,"67,599.60","9,011.46",0
2021-08-03,"34,999.96","40,826.57",0,217.16,0,282.08,345.47,0,0,"67,050.00","10,625.63",0
2021-08-04,"34,999.96","37,685.67",0,217.16,0,232.61,345.47,0,0,"63,867.95","10,575.52",0
2021-08-05,"34,999.96","37,056.65",0,0,0,255.56,345.47,0,0,"63,230.69","10,378.77",0
2021-08-06,"34,999.96","38,183.79",0,0,0,277,345.47,0,0,"64,372.60","10,400.49",0
2021-08-07,"34,000.20","37,895.57",0,266.51,0,175.56,345.47,0,0,"64,080.60","9,554.86",0
2021-08-08,"34,000.20","38,397.99",0,266.51,0,175.56,345.47,0,0,"64,589.60","9,554.86",0
2021-08-09,"34,000.20","38,313.64",0,266.51,0,175.56,345.47,0,0,"64,504.15","9,554.86",0
2021-08-10,"33,999.16","39,569.59",0,217.16,0,110.05,345.47,0,0,"65,775.50","9,438.49",0
2021-08-11,"34,999.96","37,685.32",0,217.16,0,187.68,345.47,0,0,"63,867.60","10,530.00",0
2021-08-12,"34,999.96","37,685.32",0,217.16,0,273,345.47,0,0,"63,867.60","10,616.44",0
2021-08-13,"31,999.63","37,056.56",0,217.16,0,248.67,345.47,0,0,"63,230.60","7,552.16",0
2021-08-14,"31,999.63","37,056.65",0,207.29,0,173.23,345.47,0,0,"63,230.69","7,465.73",0
2021-08-15,"31,999.63","37,056.65",0,207.29,0,173.23,345.47,0,0,"63,230.69","7,465.73",0
2021-08-16,"31,999.63","37,896.03",0,207.29,0,173.23,345.47,0,0,"64,081.07","7,465.73",0
2021-08-17,0,"37,057.69",0,207.29,0,257.2,345.47,0,0,"37,543.15",820.57,0
2021-08-18,"25,000.27","36,222.48",0,207.29,0,275.7,345.47,0,0,"62,024.76",839.31,0
2021-08-19,"33,000.44","36,222.49",0,207.29,0,325.63,345.47,0,0,"62,385.60","8,634.04",0
2021-08-20,"31,999.63","36,222.49",0,207.29,0,410.7,345.47,0,0,"62,385.60","7,706.31",0
2021-08-21,"34,000.20","37,056.56",0,305.99,0,417.85,345.47,0,0,"62,492.06","10,578.86",0
2021-08-22,"34,334.22","36,640.02",0,305.99,0,417.85,345.47,0,0,"62,408.00","10,579.32",0
2021-08-23,"34,334.22","37,895.57",0,305.99,0,417.85,345.47,0,0,"63,680.00","10,579.32",0
2021-08-24,"34,000.20","36,639.03",0,305.99,0,354.08,345.47,0,0,"62,807.60","9,775.72",0
2021-08-25,"34,000.20","36,640.02",0,305.99,0,368.64,345.47,0,0,"62,808.60","9,790.47",0
2021-08-26,"34,000.20","40,825.19",0,305.99,0,366.13,345.47,0,0,"67,048.60","9,787.93",0
2021-08-27,"34,999.96","39,569.64",0,305.99,0,409.87,345.47,0,0,"65,776.60","10,845.10",0
2021-08-28,"34,000.20","40,408.96",0,266.51,0,277.67,345.47,0,0,"66,626.92","9,658.31",0
2021-08-29,"34,000.20","40,408.96",0,266.51,0,277.67,345.47,0,0,"66,626.92","9,658.31",0
2021-08-30,"34,000.20","40,825.53",0,266.51,0,277.67,345.47,0,0,"67,048.94","9,658.31",0
2021-08-31,"34,000.20","32,035.99",0,217.16,0,305.19,345.47,0,0,"58,144.26","9,636.19",0
2021-09-01,"34,000.20","29,523.06",0,217.16,0,245.54,197.41,0,0,"55,598.41","9,425.76",0
2021-09-02,"31,999.63","28,644.75",0,217.16,0,270.79,197.41,0,0,"54,708.60","7,424.57",0
2021-09-03,"31,999.63","9,422.56",0,217.16,0,252.69,197.41,0,0,"35,234.60","7,406.23",0
2021-09-04,"31,999.63",0,0,266.51,0,215.05,197.41,0,0,"25,688.60","7,418.10",0
2021-09-05,"31,999.63","14,447.74",0,266.51,0,215.05,197.41,0,0,"40,325.60","7,418.10",0
2021-09-06,"31,999.63","34,513.37",0,266.51,0,215.05,197.41,0,0,"60,654.09","7,418.10",0
2021-09-07,"31,999.63","35,383.10",0,217.16,0,215.05,197.41,0,0,"61,535.22","7,368.10",0
2021-09-08,"34,000.20","31,196.33",0,217.16,0,236.68,197.41,0,0,"57,293.60","9,416.78",0
2021-09-09,"31,999.63","32,036.32",0,217.16,0,287.76,197.41,0,0,"58,144.60","7,441.76",0
2021-09-10,"34,999.96","32,035.99",0,212.67,0,287.56,193.34,0,0,"58,144.26","10,472.52",0
2021-09-11,"31,666.38","36,222.49",0,246.77,0,177.08,197.41,0,0,"62,385.60","7,022.01",0
2021-09-12,"31,666.38","36,640.09",0,246.77,0,177.08,197.41,0,0,"62,808.67","7,022.01",0
2021-09-13,"31,666.38","37,057.69",0,246.77,0,177.08,197.41,0,0,"63,231.75","7,022.01",0
2021-09-14,"34,999.96","35,172.24",0,227.03,0,280.58,197.41,0,0,"61,321.60","10,484.12",0
2021-09-15,"34,000.20","40,825.53",0,227.03,0,306.41,197.41,0,0,"67,048.94","9,497.42",0
2021-09-16,"34,999.96","39,152.11",0,227.03,0,277.51,197.41,0,0,"65,353.60","10,481.00",0
2021-09-17,"34,000.20","42,920.74",0,227.03,0,298.23,197.41,0,0,"69,171.60","9,489.14",0
2021-09-18,"33,007.73","42,920.74",0,227.03,0,213.02,197.41,0,0,"68,503.75","9,065.19",0
2021-09-19,"33,000.44","42,920.74",0,227.03,0,213.02,197.41,0,0,"69,171.60","8,389.95",0
2021-09-20,"33,666.94","43,911.76",0,227.03,0,213.02,197.41,0,0,"70,175.60","9,065.19",0
2021-09-21,"34,000.20","44,761.62",0,217.16,0,306.03,197.41,0,0,"71,036.60","9,487.04",0
2021-09-22,"34,999.96","41,247.30",0,217.16,0,279.7,197.41,0,0,"67,476.24","10,473.22",0
2021-09-23,"22,999.70","39,670.32",0,217.16,0,110.05,197.41,0,0,"63,491.00",531.49,0
2021-09-24,0,"38,309.48",0,217.16,0,110.05,197.41,0,0,"38,811.33",531.49,0
2021-09-25,0,"38,734.37",0,256.64,0,110.05,197.41,0,0,"39,241.79",571.49,0
2021-09-26,0,"38,734.37",0,255.85,0,109.71,196.8,0,0,"39,241.79",569.73,0
2021-09-27,0,"39,569.64",0,256.64,0,110.05,197.41,0,0,"40,088.00",571.49,0
2021-09-28,"9,999.69","37,895.57",0,227.03,0,339.35,197.41,0,0,"48,522.69",773.79,0
2021-09-29,"34,999.96","40,487.07",0,227.03,0,110.05,197.41,0,0,"66,706.05","10,311.35",0
2021-09-30,"33,000.44","34,126.94",0,227.03,0,110.05,197.41,0,0,"60,262.60","8,285.63",0
2021-10-01,"34,999.96","39,334.22",0,227.03,0,252.69,49.35,0,0,"65,538.10","10,305.86",0
2021-10-02,"34,000.20","45,898.73",0,296.12,0,193.72,49.35,0,"1,766.85","73,978.60","9,303.26",0
2021-10-03,"34,000.20","45,301.55",0,296.12,0,193.72,49.35,0,0,"71,583.60","9,303.26",0
2021-10-04,"34,000.20","35,006.42",0,296.12,0,193.72,49.35,0,0,"61,153.60","9,303.26",0
2021-10-05,"31,919.43","34,127.15",0,276.38,0,367.52,49.35,0,0,"60,262.82","7,351.30",0
