Date,TGT1001,TGT2001,TGT2002,TGT2003,TGT2004
2019-10-01,60539.7,,,,61737.08
2019-10-02,62882.02,,,,61893.26
2019-10-03,61685.02,,,,62465.92
2019-10-04,59602.62,,,,59602.62
2019-10-05,53876.78,,,,53200
2019-10-06,49452.06,,,,48671.16
2019-10-07,60800,,,,62257.68
2019-10-08,62257.68,,,,62882.02
2019-10-09,59446.44,,,,62465.92
2019-10-10,61216.48,,,,60800
2019-10-11,55802.62,,,,56375.28
2019-10-12,51170.04,,,,49608.24
2019-10-13,44610.86,,,,43309.74
2019-10-14,54553.56,,,,55542.32
2019-10-15,53720.6,,,,54605.62
2019-10-16,56895.88,,,,58093.26
2019-10-17,57989.14,,,,58249.44
2019-10-18,56167.04,,,,55646.44
2019-10-19,50805.62,,,,47109.74
2019-10-20,42164.42,,,,41331.46
2019-10-21,56479.4,,,,58249.44
2019-10-22,58301.5,,,,58301.5
2019-10-23,58509.74,,,,58561.8
2019-10-24,58977.9,,,,59238.2
2019-10-25,57520.6,,,,56843.82
2019-10-26,52835.58,,,,49816.48
2019-10-27,43882.02,,,,44142.32
2019-10-28,58197.38,,,,57572.66
2019-10-29,0,,,,0
2019-10-30,0,,,,0
2019-10-31,0,,,,0
2019-11-01,44642.78,,,,43573.46
2019-11-02,37324.36,,,,32032.48
2019-11-03,40702.18,,,,40477.22
2019-11-04,57309.7,,,,59392.48
2019-11-05,59392.48,,,,58266.54
2019-11-06,60293.46,,,,61362.78
2019-11-07,57365.94,,,,59448.72
2019-11-08,54888.72,,,,56240
2019-11-09,48133.46,,,,46894.66
2019-11-10,43629.7,,,,41321.58
2019-11-11,51961.58,,,,58322.78
2019-11-12,59561.58,,,,59505.34
2019-11-13,57028.12,,,,56408.72
2019-11-14,58097.82,,,,56859.4
2019-11-15,52918.42,,,,52693.46
2019-11-16,48302.18,,,,45937.82
2019-11-17,41771.88,,,,38506.54
2019-11-18,42841.58,,,,65022.18
2019-11-19,60800,,,,60800
2019-11-20,60800,,,,60800
2019-11-21,60293.46,,,,60800
2019-11-22,59617.82,,,,53762.78
2019-11-23,56352.48,,,,53200
2019-11-24,46782.18,,,,45600
2019-11-25,53200,,,,55170.3
2019-11-26,57253.46,,,,55451.88
2019-11-27,57478.42,,,,56971.88
2019-11-28,0,,,,0
2019-11-29,0,,,,0
2019-11-30,0,,,,0
2019-12-01,44659.88,,,,43573.46
2019-12-02,59054.66,,,,58942.18
2019-12-03,65472.48,,,,64177.82
2019-12-04,63896.24,,,,63333.46
2019-12-05,66992.48,,,,65866.54
2019-12-06,64346.54,,,,62263.76
2019-12-07,56183.76,,,,55564.36
2019-12-08,47739.4,,,,46669.7
2019-12-09,59786.54,,,,62094.66
2019-12-10,64346.54,,,,63220.6
2019-12-11,58154.06,,,,56690.3
2019-12-12,44023.76,,,,41771.88
2019-12-13,54100.6,,,,54269.7
2019-12-14,50722.78,,,,49259.4
2019-12-15,47570.3,,,,46669.7
2019-12-16,57084.36,,,,59392.48
2019-12-17,62207.52,,,,58210.3
2019-12-18,55733.46,,,,56465.34
2019-12-19,52693.46,,,,52524.36
2019-12-20,51060.6,,,,49822.18
2019-12-21,44248.72,,,,41152.48
2019-12-22,39069.7,,,,38000
2019-12-23,36198.42,,,,33271.28
2019-12-24,26008.72,,,,24432.48
2019-12-25,24432.48,,,,24094.66
2019-12-26,34340.6,,,,36254.66
2019-12-27,36761.58,,,,37155.64
2019-12-28,37042.78,,,,35297.82
2019-12-29,34622.18,,,,34115.64
2019-12-30,38619.4,,,,37324.36
2019-12-31,26402.78,,,,24601.58
2020-01-01,27276.78,,,,25819.1
2020-01-02,41383.52,,,,44767.04
2020-01-03,49035.58,,,,52991.76
2020-01-04,49139.7,,,,45600
2020-01-05,45600,,,,44194.38
2020-01-06,54657.68,,,,55698.5
2020-01-07,55646.44,,,,56739.7
2020-01-08,56635.58,,,,57780.9
2020-01-09,58874.16,,,,57780.9
2020-01-10,59186.14,,,,59446.44
2020-01-11,50649.44,,,,48514.98
2020-01-12,46485.02,,,,44714.98
2020-01-13,54449.44,,,,55542.32
2020-01-14,52835.58,,,,54605.62
2020-01-15,55854.68,,,,53043.82
2020-01-16,51950.56,,,,51898.5
2020-01-17,56062.92,,,,56167.04
2020-01-18,51950.56,,,,48410.86
2020-01-19,42737.08,,,,42268.54
2020-01-20,57104.12,,,,57156.18
2020-01-21,56583.52,,,,55750.56
2020-01-22,60019.1,,,,59967.04
2020-01-23,64547.94,,,,60800
2020-01-24,56843.82,,,,56114.98
2020-01-25,53616.48,,,,50649.44
2020-01-26,49191.76,,,,46276.78
2020-01-27,59602.62,,,,58561.8
2020-01-28,63506.74,,,,61841.2
2020-01-29,60800,,,,57468.54
2020-01-30,59134.08,,,,57780.9
2020-01-31,0,,,,0
2020-02-01,47938.52,,,,46009.26
2020-02-02,43437.04,,,,39402.96
2020-02-03,57818.52,,,,58812.22
2020-02-04,58227.78,,,,59397.04
2020-02-05,57818.52,,,,61267.78
2020-02-06,51504.44,,,,50160
2020-02-07,51212.22,,,,51797.04
2020-02-08,43202.96,,,,39402.96
2020-02-09,59572.22,,,,56882.96
2020-02-10,57175.56,,,,57818.52
2020-02-11,56473.7,,,,56824.44
2020-02-12,61969.26,,,,59162.96
2020-02-13,59397.04,,,,57818.52
2020-02-14,51153.7,,,,49633.7
2020-02-15,47762.96,,,,43612.22
2020-02-16,50510.74,,,,54895.56
2020-02-17,60273.7,,,,53200
2020-02-18,55129.26,,,,54486.3
2020-02-19,52907.78,,,,51387.78
2020-02-20,52673.7,,,,52264.44
2020-02-21,51387.78,,,,72200
2020-02-22,47002.96,,,,44430.74
2020-02-23,42092.22,,,,40162.96
2020-02-24,54193.7,,,,54953.7
2020-02-25,54018.52,,,,56824.44
2020-02-26,55772.22,,,,52790.74
2020-02-27,0,,,,0
2020-02-28,0,,,,0
2020-02-29,0,,,,0
2020-03-01,42442.96,,,,41858.52
2020-03-02,56473.7,,,,58169.26
2020-03-03,57877.04,,,,59572.22
2020-03-04,56298.52,,,,58520
2020-03-05,56006.3,,,,54602.96
2020-03-06,53200,,,,52732.22
2020-03-07,47646.3,,,,46360
2020-03-08,42793.7,,,,40998.96
2020-03-09,51738.52,,,,53200
2020-03-10,53609.26,,,,54661.48
2020-03-11,53960,,,,54895.56
2020-03-12,57818.52,,,,58227.78
2020-03-13,55597.04,,,,56824.44
2020-03-14,52030.74,,,,49867.78
2020-03-15,42326.3,,,,38584.44
2020-03-16,43027.78,,,,43612.22
2020-03-17,55772.22,,,,56006.3
2020-03-18,56590.74,,,,56298.52
2020-03-19,45600,,,,52673.7
2020-03-20,52673.7,,,,48581.48
2020-03-21,43144.44,,,,44664.44
2020-03-22,41800,,,,40513.7
2020-03-23,50393.7,,,,51270.74
2020-03-24,47529.26,,,,51387.78
2020-03-25,54661.48,,,,50452.22
2020-03-26,48055.56,,,,46360
2020-03-27,51329.26,,,,48581.48
2020-03-28,45600,,,,39286.3
2020-03-29,38993.7,,,,36070.74
2020-03-30,40397.04,,,,41273.7
2020-03-31,0,,,,0
2020-04-01,43989.18,,,,42213.06
2020-04-02,41510.82,,,,40726.12
2020-04-03,38991.42,,,,39073.88
2020-04-04,37008.58,,,,31969.4
2020-04-05,31432.46,,,,36182.46
2020-04-06,34984.7,,,,36926.12
2020-04-07,34200,,,,33993.66
2020-04-08,34860.82,,,,33704.48
2020-04-09,29573.88,,,,27467.54
2020-04-10,23832.46,,,,24947.76
2020-04-11,32465.3,,,,30854.48
2020-04-12,34943.66,,,,32134.7
2020-04-13,36100,,,,38660.82
2020-04-14,38413.06,,,,35604.48
2020-04-15,35604.48,,,,34736.94
2020-04-16,33704.48,,,,34241.42
2020-04-17,32754.48,,,,32093.66
2020-04-18,30400,,,,28995.52
2020-04-19,29202.24,,,,28252.24
2020-04-20,51052.24,,,,33952.24
2020-04-21,36967.54,,,,34406.34
2020-04-22,37545.52,,,,34695.52
2020-04-23,39652.24,,,,34200
2020-04-24,33993.66,,,,32052.24
2020-04-25,30152.24,,,,27550
2020-04-26,28747.76,,,,27013.06
2020-04-27,34447.76,,,,34282.46
2020-04-28,31432.46,,,,33621.64
2020-04-29,0,,,,0
2020-04-30,0,,,,0
2020-05-01,32002.46,,,,29072.28
2020-05-02,29072.28,,,,28522.8
2020-05-03,28110.88,,,,29072.28
2020-05-04,33055.44,,,,35024.22
2020-05-05,31910.88,,,,36351.94
2020-05-06,38000,,,,43219.3
2020-05-07,39510.88,,,,36031.22
2020-05-08,37221.76,,,,34703.5
2020-05-09,31727.72,,,,32505.96
2020-05-10,28614.38,,,,26050.52
2020-05-11,35756.48,,,,36626.68
2020-05-12,37130.18,,,,36626.68
2020-05-13,35664.9,,,,37496.5
2020-05-14,37450.52,,,,37038.6
2020-05-15,34520.34,,,,35161.4
2020-05-16,33009.46,,,,30857.9
2020-05-17,29942.1,,,,29896.5
2020-05-18,37404.92,,,,37862.82
2020-05-19,41113.34,,,,37679.66
2020-05-20,40975.78,,,,37633.68
2020-05-21,40472.28,,,,37496.5
2020-05-22,36122.8,,,,34383.16
2020-05-23,28156.48,,,,30949.48
2020-05-24,31910.88,,,,35894.04
2020-05-25,36672.28,,,,24036.14
2020-05-26,53611.92,,,,54390.54
2020-05-27,47019.3,,,,47889.12
2020-05-28,49308.42,,,,47477.2
2020-05-29,48163.86,,,,47683.16
2020-05-30,48163.86,,,,47683.16
2020-05-31,48163.86,,,,47683.16
2020-06-01,44547.02,,,,44272.28
2020-06-02,50681.74,,,,50041.06
2020-06-03,50498.96,,,,50636.14
2020-06-04,48713.34,,,,50041.06
2020-06-05,47889.12,,,,48163.86
2020-06-06,51185.62,,,,48850.52
2020-06-07,40838.6,,,,39281.74
2020-06-08,42349.48,,,,43539.64
2020-06-09,49125.26,,,,50452.98
2020-06-10,52421.76,,,,48713.34
2020-06-11,45966.32,,,,52330.18
2020-06-12,43539.64,,,,42166.32
2020-06-13,35939.64,,,,34108.42
2020-06-14,29896.5,,,,31910.88
2020-06-15,46057.9,,,,42166.32
2020-06-16,45142.1,,,,43539.64
2020-06-17,40838.6,,,,43081.74
2020-06-18,48118.26,,,,45004.92
2020-06-19,45004.92,,,,41113.34
2020-06-20,37404.92,,,,34108.42
2020-06-21,32368.78,,,,31132.64
2020-06-22,44730.18,,,,44226.68
2020-06-23,46195.08,,,,47110.88
2020-06-24,53016.84,,,,51414.38
2020-06-25,51139.64,,,,46149.48
2020-06-26,41983.16,,,,42898.96
2020-06-27,40930.18,,,,36260.36
2020-06-28,42269.3,,,,42406.48
2020-06-29,42269.3,,,,42406.48
2020-06-30,42269.3,,,,42406.48
2020-07-01,44730.18,,,,46424.22
2020-07-02,41433.68,,,,44043.52
2020-07-03,41891.58,,,,42532.64
2020-07-04,37450.52,,,,36718.26
2020-07-05,36031.22,,,,36351.94
2020-07-06,42990.54,,,,46378.24
2020-07-07,48988.08,,,,47385.62
2020-07-08,48850.52,,,,49400
2020-07-09,51094.04,,,,48392.62
2020-07-10,46011.92,,,,45096.5
2020-07-11,41525.26,,,,39968.78
2020-07-12,37130.18,,,,37175.78
2020-07-13,45600,,,,48026.68
2020-07-14,49354.4,,,,50041.06
2020-07-15,51277.2,,,,50269.82
2020-07-16,48804.92,,,,47477.2
2020-07-17,47935.1,,,,45142.1
2020-07-18,41021.76,,,,40060.36
2020-07-19,38457.9,,,,37450.52
2020-07-20,46607.38,,,,48118.26
2020-07-21,53200,,,,54619.3
2020-07-22,54619.3,,,,53611.92
2020-07-23,50178.24,,,,50086.66
2020-07-24,47110.88,,,,45096.5
2020-07-25,38961.4,,,,37084.2
2020-07-26,33879.66,,,,33788.08
2020-07-27,45371.24,,,,47019.3
2020-07-28,48347.02,,,,48713.34
2020-07-29,49537.18,,,,48942.1
2020-07-30,48942.1,,,,48827.72
2020-07-31,48942.1,,,,48827.72
2020-08-01,0,,,,0
2020-08-02,0,,,,0
2020-08-03,0,,,,0
2020-08-04,0,,,,0
2020-08-05,0,,,,0
2020-08-06,0,,,,0
2020-08-07,0,,,,0
2020-08-08,0,,,,0
2020-08-09,0,,,,0
2020-08-10,0,,,,0
2020-08-11,0,,,,0
2020-08-12,0,,,,0
2020-08-13,0,,,,0
2020-08-14,0,,,,0
2020-08-15,0,,,,0
2020-08-16,0,,,,0
2020-08-17,0,,,,0
2020-08-18,0,,,,0
2020-08-19,0,,,,0
2020-08-20,0,,,,0
2020-08-21,0,,,,0
2020-08-22,0,,,,0
2020-08-23,0,,,,0
2020-08-24,0,,,,0
2020-08-25,0,,,,0
2020-08-26,0,,,,0
2020-08-27,0,,,,0
2020-08-28,0,,,,0
2020-08-29,0,,,,0
2020-08-30,0,,,,0
2020-08-31,0,,,,0
2020-09-01,44547.02,,,,44272.28
2020-09-02,50681.74,,,,50041.06
2020-09-03,50498.96,,,,50636.14
2020-09-04,48713.34,,,,50041.06
2020-09-05,47889.12,,,,48163.86
2020-09-06,51185.62,,,,48850.52
2020-09-07,40838.6,,,,39281.74
2020-09-08,42349.48,,,,43539.64
2020-09-09,49125.26,,,,50452.98
2020-09-10,52421.76,,,,48713.34
2020-09-11,45966.32,,,,52330.18
2020-09-12,43539.64,,,,42166.32
2020-09-13,35939.64,,,,34108.42
2020-09-14,29896.5,,,,31910.88
2020-09-15,46057.9,,,,42166.32
2020-09-16,45142.1,,,,43539.64
2020-09-17,40838.6,,,,43081.74
2020-09-18,48118.26,,,,45004.92
2020-09-19,45004.92,,,,41113.34
2020-09-20,37404.92,,,,34108.42
2020-09-21,32368.78,,,,31132.64
2020-09-22,44730.18,,,,44226.68
2020-09-23,46195.08,,,,47110.88
2020-09-24,53016.84,,,,51414.38
2020-09-25,51139.64,,,,46149.48
2020-09-26,41983.16,,,,42898.96
2020-09-27,40930.18,,,,36260.36
2020-09-28,49832.82,,,,49202.78
2020-09-29,51412.86,,,,50581.42
2020-09-30,49147.68,,,,49325.14
2020-10-01,55618.32,,,,55420.72
2020-10-02,60800,,,,62231.08
2020-10-03,54088.44,,,,54631.08
2020-10-04,41256.98,,,,42885.66
2020-10-05,60602.78,,,,55371.32
2020-10-06,52163.74,,,,46685.66
2020-10-07,47080.48,,,,54137.84
2020-10-08,54680.48,,,,54186.86
2020-10-09,55519.52,,,,54039.04
2020-10-10,51768.92,,,,52064.94
2020-10-11,49696.02,,,,48906.38
2020-10-12,56309.16,,,,59319.52
2020-10-13,54039.04,,,,56456.98
2020-10-14,54285.66,,,,53940.24
2020-10-15,55618.32,,,,55716.74
2020-10-16,52509.16,,,,52015.54
2020-10-17,50929.88,,,,48215.54
2020-10-18,43379.28,,,,41256.98
2020-10-19,52262.16,,,,53693.62
2020-10-20,53446.62,,,,54039.04
2020-10-21,54039.04,,,,54236.26
2020-10-22,60800,,,,58727.1
2020-10-23,60800,,,,59664.94
2020-10-24,55914.34,,,,53200
2020-10-25,50880.48,,,,48955.78
2020-10-26,59664.94,,,,61836.26
2020-10-27,61540.24,,,,67906.38
2020-10-28,62625.9,,,,59368.92
2020-10-29,53594.82,,,,54384.46
2020-10-30,58110.36,,,,56876.5
2020-10-31,55852.78,,,,55630.48
2020-11-01,37037.46,,,,39621.46
2020-11-02,41496,,,,44890.54
2020-11-03,58266.54,,,,56392
2020-11-04,53200,,,,57912
2020-11-05,60141.46,,,,60141.46
2020-11-06,62218.54,,,,61560
2020-11-07,51781.46,,,,52845.46
2020-11-08,44130.54,,,,39925.46
2020-11-09,63890.54,,,,63282.54
2020-11-10,61154.54,,,,62725.46
2020-11-11,59736,,,,61610.54
2020-11-12,62168,,,,61002.54
2020-11-13,61002.54,,,,58418.54
2020-11-14,50160,,,,52744
2020-11-15,44333.46,,,,40837.46
2020-11-16,40533.46,,,,41040
2020-11-17,55378.54,,,,55176
2020-11-18,54821.46,,,,55733.46
2020-11-19,54162.54,,,,54872
2020-11-20,54162.54,,,,53453.46
2020-11-21,50109.46,,,,48082.54
2020-11-22,46005.46,,,,52744
2020-11-23,55784,,,,57152
2020-11-24,56493.46,,,,56746.54
2020-11-25,54466.54,,,,57101.46
2020-11-26,56493.46,,,,56898.54
2020-11-27,58368,,,,56088
2020-11-28,50362.54,,,,49704
2020-11-29,42306.54,,,,44130.54
2020-11-30,46334.54,,,,46917.46
2020-12-01,54770.54,,,,55226.54
2020-12-02,56240,,,,58317.46
2020-12-03,56189.46,,,,58368
2020-12-04,56848,,,,56341.46
2020-12-05,50058.54,,,,50717.46
2020-12-06,47576,,,,46360
2020-12-07,49045.46,,,,55784
2020-12-08,54517.46,,,,55125.46
2020-12-09,60800,,,,55682.54
2020-12-10,54669.46,,,,54213.46
2020-12-11,47880,,,,48893.46
2020-12-12,40837.46,,,,44738.54
2020-12-13,43320,,,,45600
2020-12-14,53200,,,,57456
2020-12-15,55480,,,,56493.46
2020-12-16,57760,,,,55733.46
2020-12-17,53200,,,,54517.46
2020-12-18,51224,,,,51832
2020-12-19,50616,,,,44992
2020-12-20,43725.46,,,,42509.46
2020-12-21,51021.46,,,,51021.46
2020-12-22,47880,,,,47272
2020-12-23,44637.46,,,,45853.46
2020-12-24,28272,,,,26346.54
2020-12-25,25181.46,,,,24522.54
2020-12-26,31008,,,,32072
2020-12-27,36074.54,,,,37138.54
2020-12-28,42104,,,,44434.54
2020-12-29,41192,,,,41293.46
2020-12-30,41648,,,,42864
2020-12-31,41420,,,,42078.54
2021-01-01,24776,,,,25130.54
2021-01-02,32781.46,,,,34656
2021-01-03,38000,,,,40888
2021-01-04,49906.54,,,,51325.46
2021-01-05,55378.54,,,,53200
2021-01-06,55936,,,,55429.46
2021-01-07,56138.54,,,,55682.54
2021-01-08,53200,,,,53200
2021-01-09,43624,,,,46461.46
2021-01-10,46360,,,,42661.46
2021-01-11,54821.46,,,,55936
2021-01-12,54061.46,,,,286266.54
2021-01-13,54416,,,,54213.46
2021-01-14,55530.54,,,,56138.54
2021-01-15,53200,,,,58773.46
2021-01-16,48437.46,,,,44637.46
2021-01-17,43978.54,,,,42864
2021-01-18,55581.46,,,,53200
2021-01-19,54264,,,,53909.46
2021-01-20,57304,,,,54112
2021-01-21,57962.54,,,,58824
2021-01-22,59685.46,,,,57810.54
2021-01-23,50920,,,,49298.54
2021-01-24,43472,,,,41546.54
2021-01-25,59330.54,,,,55632
2021-01-26,61408,,,,67944
2021-01-27,58114.54,,,,56696
2021-01-28,52288,,,,51578.54
2021-01-29,50768,,,,49298.54
2021-01-30,45600,,,,42560
2021-01-31,48184,,,,45929.46
2021-02-01,37313.72,,,,41219.36
2021-02-02,54202.82,,,,54730.64
2021-02-03,54361.28,,,,54888.72
2021-02-04,59375,,,,61169.36
2021-02-05,54625,,,,55733.46
2021-02-06,49136.28,,,,47130.64
2021-02-07,46127.82,,,,44913.72
2021-02-08,55575,,,,58477.82
2021-02-09,54994.36,,,,55363.72
2021-02-10,60800,,,,59638.72
2021-02-11,60325,,,,60800
2021-02-12,52777.82,,,,57000
2021-02-13,52936.28,,,,50191.54
2021-02-14,42169.36,,,,45600
2021-02-15,57052.82,,,,60800
2021-02-16,51141.54,,,,56102.82
2021-02-17,50930.64,,,,45072.18
2021-02-18,39266.54,,,,34622.18
2021-02-19,36838.72,,,,30400
2021-02-20,32247.18,,,,29133.46
2021-02-21,40058.46,,,,36680.64
2021-02-22,50297.18,,,,50561.28
2021-02-23,52725,,,,51405.64
2021-02-24,46022.18,,,,51880.64
2021-02-25,49373.78,,,,51643.14
2021-02-26,47697.98,,,,51761.7
2021-02-27,48535.88,,,,51702.42
2021-02-28,48116.74,,,,51732.06
2021-03-01,"56,074.32",,,,"55,830.74"
2021-03-02,"54,953.70",,,,"52,128.40"
2021-03-03,"53,200.00",,,,"53,005.06"
2021-03-04,"55,197.28",,,,"55,489.88"
2021-03-05,"52,664.20",,,,"46,233.46"
2021-03-06,"49,935.80",,,,"54,320.62"
2021-03-07,"41,751.36",,,,"43,212.84"
2021-03-08,"55,782.10",,,,"53,589.88"
2021-03-09,"55,246.30",,,,"54,856.42"
2021-03-10,"53,930.74",,,,"54,222.96"
2021-03-11,"52,615.56",,,,"54,125.68"
2021-03-12,"52,030.74",,,,"51,738.52"
2021-03-13,"45,600.00",,,,"46,038.52"
2021-03-14,"41,459.14",,,,"40,289.88"
2021-03-15,"46,428.40",,,,"44,917.90"
2021-03-16,"55,051.36",,,,"53,492.22"
2021-03-17,"56,512.84",,,,"55,684.82"
2021-03-18,"57,048.64",,,,"54,759.14"
2021-03-19,"55,782.10",,,,"53,200.00"
2021-03-20,"49,935.80",,,,"46,525.68"
2021-03-21,"43,943.58",,,,"43,846.30"
2021-03-22,"56,317.90",,,,"56,561.48"
2021-03-23,"57,048.64",,,,"55,635.80"
2021-03-24,"56,902.72",,,,"55,246.30"
2021-03-25,"57,779.38",,,,"55,977.04"
2021-03-26,"54,807.78",,,,"53,443.58"
2021-03-27,"50,179.38",,,,"47,159.14"
2021-03-28,"40,922.96",,,,"42,579.38"
2021-03-29,"54,515.56",,,,"45,600.00"
2021-03-30,"51,105.06",,,,"50,130.74"
2021-03-31,"52,810.12",,,,"47,865.56"
2021-04-01,"32,165.00","1,017.00","2,028.00","1,208.00","30,771.00"
2021-04-02,"34,322.00",474,"2,473.00","1,141.00","25,612.00"
2021-04-03,"26,767.00",542,"2,514.00","1,033.00","25,456.00"
2021-04-04,"34,107.00",964,"3,307.00",907,"30,454.00"
2021-04-05,"53,005.00","2,877.00","4,411.00",913,"42,573.00"
2021-04-06,"55,487.00","2,959.00","4,176.00",802,"47,940.00"
2021-04-07,"51,217.00","2,958.00","4,173.00",476,"45,095.00"
2021-04-08,"55,210.00","3,108.00","3,910.00",549,"45,526.00"
2021-04-09,"53,933.00","3,231.00","3,670.00",721,"45,717.00"
2021-04-10,"48,888.00","3,137.00","3,481.00","1,070.00","40,584.00"
2021-04-11,"41,327.00","2,703.00","2,711.00","1,094.00","33,825.00"
2021-04-12,"53,702.00","3,303.00","3,905.00","1,159.00","46,965.00"
2021-04-13,"57,986.00","3,441.00","3,368.00","1,058.00","48,489.00"
2021-04-14,"54,197.00","3,549.00","3,524.00","1,161.00","46,019.00"
2021-04-15,0,0,0,0,0
2021-04-16,0,0,0,0,0
2021-04-17,0,0,0,0,0
2021-04-18,0,0,0,0,0
2021-04-19,0,0,0,0,0
2021-04-20,0,0,0,0,0
2021-04-21,0,0,0,0,0
2021-04-22,0,0,0,0,0
2021-04-23,0,0,0,0,0
2021-04-24,0,0,0,0,0
2021-04-25,"41,464.00","3,196.00","2,533.00",0,"31,157.00"
2021-04-26,"52,703.00","3,952.00","3,529.00",0,"40,899.00"
2021-04-27,"50,693.00","3,820.00","3,033.00",0,"43,019.00"
2021-04-28,"52,304.00","3,860.00","2,719.00",0,"43,434.00"
2021-04-29,"51,498.50","3,840.00","2,876.00",0,"43,226.50"
2021-04-30,"51,901.25","3,850.00","2,797.50",0,"43,330.25"
2021-05-01,"34,752.00","2,662.00","1,670.00",582,"27,097.00"
2021-05-02,"33,282.00","2,906.00","2,554.00",521,"31,217.00"
2021-05-03,"46,922.00","3,807.00","3,640.00",799,"41,233.00"
2021-05-04,"53,208.00","3,892.00","3,202.00","1,038.00","45,138.00"
2021-05-05,"54,563.00","3,771.00","3,244.00",113,"42,431.00"
2021-05-06,"46,887.00","3,856.00","2,942.00","1,153.00","42,663.00"
2021-05-07,"55,363.00","3,703.00","3,202.00","1,265.00","41,752.00"
2021-05-08,"44,237.00","3,262.00","2,387.00","1,328.00","36,905.00"
2021-05-09,"41,610.00","2,996.00","1,939.00","1,319.00","33,630.00"
2021-05-10,"40,439.00","2,985.00","2,554.00","1,369.00","36,414.00"
2021-05-11,"54,211.00","3,480.00","3,208.00","1,313.00","44,261.00"
2021-05-12,"53,317.00","3,362.00","3,381.00","1,304.00","46,503.00"
2021-05-13,"51,065.00","3,282.00","3,396.00","1,233.00","42,828.00"
2021-05-14,"48,721.00","3,358.00","2,993.00","1,338.00","40,623.00"
2021-05-15,"43,648.00","3,228.00","2,620.00","1,359.00","35,774.00"
2021-05-16,"40,939.00","2,659.00","2,556.00","1,320.00","33,706.00"
2021-05-17,"46,674.00","3,263.00","3,152.00",0,"42,845.00"
2021-05-18,"53,185.00","3,276.00","2,891.00",0,"42,634.00"
2021-05-19,"50,348.00","3,327.00","3,160.00",0,"42,020.00"
2021-05-20,"49,800.00","3,257.00","3,306.00",0,"41,685.00"
2021-05-21,"47,417.00","3,167.00","3,008.00",0,"35,324.00"
2021-05-22,"40,754.00","2,683.00","2,506.00",0,"35,186.00"
2021-05-23,"39,288.00","2,484.00","2,234.00",0,"34,311.00"
2021-05-24,"47,441.00","2,488.00","2,954.00",0,"41,621.00"
2021-05-25,"48,841.00","3,156.00","3,158.00",0,"41,072.00"
2021-05-26,"46,087.00","3,190.00","3,051.00",0,"28,210.00"
2021-05-27,"47,518.00","3,134.00","2,929.00",0,"41,388.00"
2021-05-28,"45,077.00","3,094.00","2,174.00",0,"37,109.00"
2021-05-29,"42,268.00","2,746.00","2,448.00",0,"32,814.00"
2021-05-30,"35,565.00","2,429.00","2,107.00",0,"27,683.00"
2021-05-31,"38,916.50","2,587.50","2,277.50",0,"30,248.50"
2021-06-01,"44,363.00","3,304.00","2,490.00",457,"38,827.00"
2021-06-02,"49,188.00","3,468.00","2,372.00",735,"40,045.00"
2021-06-03,"45,599.00","3,388.00","2,347.00","1,028.00","38,876.00"
2021-06-04,"46,338.00","3,548.00","2,806.00","1,093.00","37,764.00"
2021-06-05,"41,710.00","3,099.00","2,104.00","1,146.00","33,573.00"
2021-06-06,"37,753.00","2,918.00","2,024.00","1,041.00","30,839.00"
2021-06-07,"44,607.00","3,471.00","3,110.00",904,"39,487.00"
2021-06-08,"48,697.00","3,749.00","3,261.00","1,133.00","40,214.00"
2021-06-09,"48,790.00","3,797.00","3,091.00","1,144.00","40,197.00"
2021-06-10,"47,132.00","3,906.00","2,804.00",962,"39,681.00"
2021-06-11,"45,372.00","3,950.00","2,856.00","1,000.00","38,999.00"
2021-06-12,"41,533.00","3,388.00","1,835.00","1,092.00","34,899.00"
2021-06-13,"41,133.00","3,309.00","2,317.00","1,203.00","33,797.00"
2021-06-14,"51,516.00","3,911.00","2,951.00","1,149.00","42,416.00"
2021-06-15,"48,570.00","4,278.00","2,894.00",0,"42,120.00"
2021-06-16,"53,601.00","4,315.00","3,167.00",0,"38,460.00"
2021-06-17,"49,126.00","4,295.00","2,917.00",0,"42,587.00"
2021-06-18,"50,297.00","4,321.00","2,834.00",0,"40,299.00"
2021-06-19,"46,656.00","4,075.00","2,506.00",0,"31,679.00"
2021-06-20,"40,534.00","3,549.00","2,488.00",0,"33,812.00"
2021-06-21,"50,235.00","4,271.00","3,310.00",0,"37,956.00"
2021-06-22,"51,346.00","4,402.00","3,001.00",0,"43,348.00"
2021-06-23,"52,641.00","4,420.00","3,624.00",0,"43,632.00"
2021-06-24,"52,497.00","4,265.00","2,900.00",0,"43,945.00"
2021-06-25,"53,956.00","4,233.00","2,925.00",0,"42,561.00"
2021-06-26,"42,745.00","4,080.00","2,662.00",0,"37,419.00"
2021-06-27,"45,506.00","3,646.00","2,739.00",0,"35,765.00"
2021-06-28,44125.5,3863,2700.5,0,36592
2021-06-29,44815.75,3754.5,2719.75,0,36178.5
2021-06-30,44470.625,3808.75,2710.125,0,36385.25
2021-07-01,51312,2947,2590,1111,43630
2021-07-02,48913,4216,2318,987,42230
2021-07-03,44026,4077,2920,1016,36614
2021-07-04,43519,3389,3126,819,34752
2021-07-05,51322,4155,3490,662,43166
2021-07-06,50849,4217,3362,856,43327
2021-07-07,52872,4273,3047,1118,43610
2021-07-08,53836,4190,2844,1145,43321
2021-07-09,48019,3969,2822,1247,41428
2021-07-10,43013,3638,2436,1068,36983
2021-07-11,44105,3298,2553,1237,35590
2021-07-12,54829,3906,3342,1018,43773
2021-07-13,50066,3780,3538,1026,44532
2021-07-14,51645,3706,3691,1238,44516
2021-07-15,53191,3507,3752,0,44561
2021-07-16,53534,3471,3660,0,42495
2021-07-17,47497,3022,3030,0,38341
2021-07-18,42517,2686,3040,0,35777
2021-07-19,47295,3170,3396,0,43234
2021-07-20,55057,3482,3074,0,46044
2021-07-21,55898,3431,3069,0,44558
2021-07-22,54106,3477,3374,0,44533
2021-07-23,51908,3391,3808,0,41842
2021-07-24,45996,3215,3202,0,37612
2021-07-25,37617,2591,2867,0,35127
2021-07-26,53426,3234,3710,0,44681
2021-07-27,56024,3480,3786,0,44082
2021-07-28,51208,3451,2909,0,44665
2021-07-29,52282,3372,3004,0,43863
2021-07-30,51745,3411,2956,0,44264
2021-07-31,52013,3391,2980,0,44063
2021-08-01,39349,2179,2596,622,35369
2021-08-02,52411,2761,4013,579,45570
2021-08-03,52625,3048,3855,713,45680
2021-08-04,55913,3055,3395,926,46294
2021-08-05,54215,2889,3617,994,45779
2021-08-06,52635,2864,3074,1143,44389
2021-08-07,44033,2655,2775,1058,39411
2021-08-08,43339,2025,2658,1124,36193
2021-08-09,52871,2863,3906,1101,45812
2021-08-10,55909,2869,3604,1062,45219
2021-08-11,54803,2977,3625,1236,46138
2021-08-12,52790,2944,3763,1257,45907
2021-08-13,51011,2981,3107,1255,43400
2021-08-14,46122,2802,2758,1240,38543
2021-08-15,33884,2341,2496,0,36282
2021-08-16,50813,2891,3711,0,40501
2021-08-17,56176,3179,3104,0,45647
2021-08-18,55893,3226,3548,0,45360
2021-08-19,50290,3317,3121,0,45566
2021-08-20,52368,3436,3168,0,44248
2021-08-21,47167,3262,2610,0,32517
2021-08-22,41573,3023,2381,0,34427
2021-08-23,48148,3362,3352,0,45680
2021-08-24,60604,3369,3263,0,48343
2021-08-25,51572,3485,3350,0,41556
2021-08-26,55460,3613,2879,0,45670
2021-08-27,52812,3874,2698,0,36279
2021-08-28,50148,3955,2509,0,36279
2021-08-29,43421,3363,2248,0,36329
2021-08-30,51287,4097,2630,0,45050
2021-08-31,53108,4129,2848.5,345,45901.5
2021-09-01,54929,4161,3067,690,46753
2021-09-02,58691,4203,3175,660,50281
2021-09-03,52664,4213,3441,627,43629
2021-09-04,45270,4168,2685,944,37213
2021-09-05,43459,3596,2480,1049,36046
2021-09-06,53600,4306,3846,1160,45992
2021-09-07,56165,3922,4018,1156,45606
2021-09-08,59217,4102,4040,1188,49107
2021-09-09,54281,4064,3923,1151,46770
2021-09-10,55115,3908,3958,1094,45198
2021-09-11,49286,3866,3096,1148,40113
2021-09-12,45680,3340,2452,1287,38100
2021-09-13,51570,3950,3507,1285,46520
2021-09-14,53164,3891,3270,1126,42558
2021-09-15,43099,3178,2684,0,35098
2021-09-16,39257,2742,2217,0,31426
2021-09-17,46557,3843,3859,0,41453
2021-09-18,46362,4037,3301,0,36375
2021-09-19,46409,3404,2814,0,36027
2021-09-20,50964,4010,3866,0,46125
2021-09-21,55204,3950,3795,0,46411
2021-09-22,60385,4041,3970,0,46825
2021-09-23,54225,4088,4146,0,45885
2021-09-24,53180,4127,4111,0,39614
2021-09-25,49477,3900,3310,0,39487
2021-09-26,44366,3449,2560,0,36533
2021-09-27,52237,3974,3252,0,45373
2021-09-28,54775,4129,3613,0,45629
2021-09-29,58243,4158,3805,0,49103
